idx,algoritmo,num_vertices,num_arestas,densidade,arestas_analisadas,find_calls,union_calls,tempo_execucao_find,tempo_execucao_union,tempo_sort,heap_push,heap_pop,tempo_execucao_heap_ops,num_arestas_mst,tempo_execucao_total
1,prim,10,9,0.2,9,0,0,0.0,0.0,0.0,9,9,3.1370036595035344e-06,9,1.9015002180822194e-05
2,kruskal,10,9,0.2,9,18,9,0.0,0.0,1.7029997252393514e-06,0,0,0.0,9,2.42649985011667e-05
3,prim,10,9,0.2,9,0,0,0.0,0.0,0.0,9,9,1.2019954738207161e-06,9,1.0199000826105475e-05
4,kruskal,10,9,0.2,9,18,9,0.0,0.0,1.2519994925241917e-06,0,0,0.0,9,1.62090000230819e-05
5,prim,10,14,0.3111111111111111,9,0,0,0.0,0.0,0.0,14,10,1.8239989003632218e-06,9,1.111100209527649e-05
6,kruskal,10,14,0.3111111111111111,10,20,9,0.0,0.0,1.6230005712714046e-06,0,0,0.0,9,1.739200160955079e-05
7,prim,10,10,0.2222222222222222,7,0,0,0.0,0.0,0.0,10,7,1.3999997463542968e-06,7,9.136998414760455e-06
8,kruskal,10,10,0.2222222222222222,7,14,7,0.0,0.0,1.3429998944047838e-06,0,0,0.0,7,1.4076002116780728e-05
9,prim,10,14,0.3111111111111111,9,0,0,0.0,0.0,0.0,14,9,1.7039928934536874e-06,9,9.968000085791573e-06
10,kruskal,10,14,0.3111111111111111,9,18,9,0.0,0.0,1.5429977793246508e-06,0,0,0.0,9,1.6480000340379775e-05
11,prim,10,16,0.35555555555555557,9,0,0,0.0,0.0,0.0,16,11,1.982993126148358e-06,9,1.1300999176455662e-05
12,kruskal,10,16,0.35555555555555557,11,22,9,0.0,0.0,1.6829981177579612e-06,0,0,0.0,9,1.772199902916327e-05
13,prim,10,20,0.4444444444444444,9,0,0,0.0,0.0,0.0,20,17,2.301989297848195e-06,9,1.2924003385705873e-05
14,kruskal,10,20,0.4444444444444444,17,34,9,0.0,0.0,1.8939972505904734e-06,0,0,0.0,9,2.0397001208039e-05
15,prim,10,26,0.5777777777777777,9,0,0,0.0,0.0,0.0,26,11,4.088993591722101e-06,9,1.6349997167708352e-05
16,kruskal,10,26,0.5777777777777777,11,22,9,0.0,0.0,2.1239975467324257e-06,0,0,0.0,9,2.0819003111682832e-05
17,prim,10,24,0.5333333333333333,9,0,0,0.0,0.0,0.0,24,15,2.976019459310919e-06,9,1.442700158804655e-05
18,kruskal,10,24,0.5333333333333333,15,30,9,0.0,0.0,2.043998392764479e-06,0,0,0.0,9,2.2591000742977485e-05
19,prim,10,19,0.4222222222222222,9,0,0,0.0,0.0,0.0,19,12,2.3559950932394713e-06,9,1.2303000403335318e-05
20,kruskal,10,19,0.4222222222222222,12,24,9,0.0,0.0,1.6929989214986563e-06,0,0,0.0,9,1.881500065792352e-05
21,prim,10,34,0.7555555555555555,9,0,0,0.0,0.0,0.0,34,15,4.037992766825482e-06,9,1.8143997294828296e-05
22,kruskal,10,34,0.7555555555555555,15,30,9,0.0,0.0,3.697001375257969e-06,0,0,0.0,9,3.7449000956257805e-05
23,prim,10,33,0.7333333333333333,9,0,0,0.0,0.0,0.0,33,9,6.314989150268957e-06,9,2.289199983351864e-05
24,kruskal,10,33,0.7333333333333333,16,32,9,0.0,0.0,2.8550020942930132e-06,0,0,0.0,9,2.7260997740086168e-05
25,prim,10,39,0.8666666666666667,9,0,0,0.0,0.0,0.0,39,17,4.822999471798539e-06,9,1.8274000467499718e-05
26,kruskal,10,39,0.8666666666666667,17,34,9,0.0,0.0,3.0050032364670187e-06,0,0,0.0,9,2.8041999030392617e-05
27,prim,10,38,0.8444444444444444,9,0,0,0.0,0.0,0.0,38,14,4.701003490481526e-06,9,1.794299896573648e-05
28,kruskal,10,38,0.8444444444444444,14,28,9,0.0,0.0,3.106000804109499e-06,0,0,0.0,9,2.6980000257026404e-05
29,prim,10,42,0.9333333333333333,9,0,0,0.0,0.0,0.0,42,9,4.918994818581268e-06,9,1.7091999325202778e-05
30,kruskal,10,42,0.9333333333333333,9,18,9,0.0,0.0,3.2560019462835044e-06,0,0,0.0,9,2.7099998987978324e-05
31,prim,10,36,0.8,9,0,0,0.0,0.0,0.0,36,14,5.85799352847971e-06,9,2.4945999030023813e-05
32,kruskal,10,36,0.8,14,28,9,0.0,0.0,2.9959992389194667e-06,0,0,0.0,9,2.869300078600645e-05
33,prim,10,45,1.0,9,0,0,0.0,0.0,0.0,45,10,5.301008059177548e-06,9,1.9085000531049445e-05
34,kruskal,10,45,1.0,10,20,9,0.0,0.0,3.727000148501247e-06,0,0,0.0,9,3.0315997719299048e-05
35,prim,10,45,1.0,9,0,0,0.0,0.0,0.0,45,9,5.2059986046515405e-06,9,1.758299913490191e-05
36,kruskal,10,45,1.0,9,18,9,0.0,0.0,3.4659969969652593e-06,0,0,0.0,9,2.9022998205618933e-05
37,prim,20,19,0.1,19,0,0,0.0,0.0,0.0,19,19,1.7649981600698084e-06,19,1.4306999219115824e-05
38,kruskal,20,19,0.1,19,38,19,0.0,0.0,1.353000698145479e-06,0,0,0.0,19,2.40339977608528e-05
39,prim,20,19,0.1,19,0,0,0.0,0.0,0.0,19,19,1.6759986465331167e-06,19,1.3865999790141359e-05
40,kruskal,20,19,0.1,19,38,19,0.0,0.0,1.3520002539735287e-06,0,0,0.0,19,2.379400029894896e-05
41,prim,20,55,0.2894736842105263,19,0,0,0.0,0.0,0.0,55,24,6.347007001750171e-06,19,2.623899854370393e-05
42,kruskal,20,55,0.2894736842105263,24,48,19,0.0,0.0,4.237997927702963e-06,0,0,0.0,19,4.092500239494257e-05
43,prim,20,51,0.26842105263157895,19,0,0,0.0,0.0,0.0,51,29,6.048994691809639e-06,19,2.6178000553045422e-05
44,kruskal,20,51,0.26842105263157895,29,58,19,0.0,0.0,3.7669997254852206e-06,0,0,0.0,19,4.1335999412694946e-05
45,prim,20,82,0.43157894736842106,19,0,0,0.0,0.0,0.0,82,43,8.977018296718597e-06,19,3.509399903123267e-05
46,kruskal,20,82,0.43157894736842106,43,86,19,0.0,0.0,7.493999873986468e-06,0,0,0.0,19,6.058200233383104e-05
47,prim,20,76,0.4,19,0,0,0.0,0.0,0.0,76,29,8.553019142709672e-06,19,3.225000182283111e-05
48,kruskal,20,76,0.4,27,54,19,0.0,0.0,5.720998160541058e-06,0,0,0.0,19,4.960200021741912e-05
49,prim,20,89,0.46842105263157896,19,0,0,0.0,0.0,0.0,89,38,1.0177001968258992e-05,19,3.628699778346345e-05
50,kruskal,20,89,0.46842105263157896,37,74,19,0.0,0.0,6.903002940816805e-06,0,0,0.0,19,5.684399729943834e-05
51,prim,20,87,0.45789473684210524,19,0,0,0.0,0.0,0.0,87,41,1.1620988516369835e-05,19,4.3990999984089285e-05
52,kruskal,20,87,0.45789473684210524,41,82,19,0.0,0.0,8.815997716737911e-06,0,0,0.0,19,6.169400148792192e-05
53,prim,20,120,0.631578947368421,19,0,0,0.0,0.0,0.0,120,24,1.411499033565633e-05,19,4.2137002310482785e-05
54,kruskal,20,120,0.631578947368421,24,48,19,0.0,0.0,9.036997653311118e-06,0,0,0.0,19,6.51400005153846e-05
55,prim,20,114,0.6,19,0,0,0.0,0.0,0.0,114,39,1.3094002497382462e-05,19,4.2687999666668475e-05
56,kruskal,20,114,0.6,39,78,19,0.0,0.0,8.356000762432814e-06,0,0,0.0,19,6.713399852742441e-05
57,prim,20,126,0.6631578947368421,19,0,0,0.0,0.0,0.0,126,24,1.4108009054325521e-05,19,4.4462001824285835e-05
58,kruskal,20,126,0.6631578947368421,25,50,19,0.0,0.0,9.348001185571775e-06,0,0,0.0,19,6.636300167883746e-05
59,prim,20,136,0.7157894736842105,19,0,0,0.0,0.0,0.0,136,31,1.5239009371725842e-05,19,4.5413999032462016e-05
60,kruskal,20,136,0.7157894736842105,33,66,19,0.0,0.0,1.0249001206830144e-05,0,0,0.0,19,7.6299998909235e-05
61,prim,20,155,0.8157894736842105,19,0,0,0.0,0.0,0.0,155,75,1.6857960872584954e-05,19,5.759600026067346e-05
62,kruskal,20,155,0.8157894736842105,75,150,19,0.0,0.0,1.1812000593636185e-05,0,0,0.0,19,9.163899812847376e-05
63,prim,20,150,0.7894736842105263,19,0,0,0.0,0.0,0.0,150,55,1.6296002286253497e-05,19,5.331899956217967e-05
64,kruskal,20,150,0.7894736842105263,55,110,19,0.0,0.0,1.1631997040240094e-05,0,0,0.0,19,8.530700142728165e-05
65,prim,20,171,0.9,19,0,0,0.0,0.0,0.0,171,54,1.862900535343215e-05,19,6.658300117123872e-05
66,kruskal,20,171,0.9,54,108,19,0.0,0.0,1.3044002116657794e-05,0,0,0.0,19,9.370300176669843e-05
67,prim,20,178,0.9368421052631579,19,0,0,0.0,0.0,0.0,178,26,1.9684004655573517e-05,19,5.4511001508217305e-05
68,kruskal,20,178,0.9368421052631579,26,52,19,0.0,0.0,1.3515000318875536e-05,0,0,0.0,19,8.770199929131195e-05
69,prim,20,190,1.0,19,0,0,0.0,0.0,0.0,190,22,2.068499816232361e-05,19,5.520200284081511e-05
70,kruskal,20,190,1.0,22,44,19,0.0,0.0,1.4356999599840492e-05,0,0,0.0,19,0.00010202799967373721
71,prim,20,190,1.0,19,0,0,0.0,0.0,0.0,190,34,2.1151990949874744e-05,19,5.8046996855409816e-05
72,kruskal,20,190,1.0,33,66,19,0.0,0.0,1.4255998394219205e-05,0,0,0.0,19,9.410300117451698e-05
73,prim,30,29,0.06666666666666667,29,0,0,0.0,0.0,0.0,29,29,2.343003870919347e-06,29,1.862499993876554e-05
74,kruskal,30,29,0.06666666666666667,29,58,29,0.0,0.0,1.5930017980281264e-06,0,0,0.0,29,3.193899829057045e-05
75,prim,30,29,0.06666666666666667,29,0,0,0.0,0.0,0.0,29,29,2.4659930204506963e-06,29,1.8423997971694916e-05
76,kruskal,30,29,0.06666666666666667,29,58,29,0.0,0.0,1.6430021787527949e-06,0,0,0.0,29,3.0385999707505107e-05
77,prim,30,133,0.3057471264367816,29,0,0,0.0,0.0,0.0,133,59,1.4834993635304272e-05,29,5.267699816613458e-05
78,kruskal,30,133,0.3057471264367816,60,120,29,0.0,0.0,1.0579002264421433e-05,0,0,0.0,29,8.208099825424142e-05
79,prim,30,137,0.31494252873563217,29,0,0,0.0,0.0,0.0,137,69,1.59010014613159e-05,29,5.561299985856749e-05
80,kruskal,30,137,0.31494252873563217,68,136,29,0.0,0.0,1.0269002814311534e-05,0,0,0.0,29,8.421500024269335e-05
81,prim,30,176,0.4045977011494253,29,0,0,0.0,0.0,0.0,176,70,1.973497637663968e-05,29,6.594200021936558e-05
82,kruskal,30,176,0.4045977011494253,71,142,29,0.0,0.0,1.3806002243654802e-05,0,0,0.0,29,0.0001013569999486208
83,prim,30,187,0.4298850574712644,29,0,0,0.0,0.0,0.0,187,40,2.7560996386455372e-05,29,6.87870015099179e-05
84,kruskal,30,187,0.4298850574712644,40,80,29,0.0,0.0,1.4075998478801921e-05,0,0,0.0,29,9.540600149193779e-05
85,prim,30,207,0.47586206896551725,29,0,0,0.0,0.0,0.0,207,36,2.3096028598956764e-05,29,6.550100079039112e-05
86,kruskal,30,207,0.47586206896551725,36,72,29,0.0,0.0,1.546800194773823e-05,0,0,0.0,29,0.00010036499952548184
87,prim,30,207,0.47586206896551725,29,0,0,0.0,0.0,0.0,207,52,2.2921987692825496e-05,29,6.881700028316118e-05
88,kruskal,30,207,0.47586206896551725,52,104,29,0.0,0.0,1.5337998775066808e-05,0,0,0.0,29,0.00010527400081628002
89,prim,30,244,0.5609195402298851,29,0,0,0.0,0.0,0.0,244,48,2.627199501148425e-05,29,7.945699690026231e-05
90,kruskal,30,244,0.5609195402298851,49,98,29,0.0,0.0,1.8393999198451638e-05,0,0,0.0,29,0.000117477000458166
91,prim,30,251,0.5770114942528736,29,0,0,0.0,0.0,0.0,251,48,2.7728987333830446e-05,29,7.77729983383324e-05
92,kruskal,30,251,0.5770114942528736,50,100,29,0.0,0.0,1.9235998479416594e-05,0,0,0.0,29,0.00012704400069196709
93,prim,30,316,0.7264367816091954,29,0,0,0.0,0.0,0.0,316,71,3.27879715769086e-05,29,9.242099986295216e-05
94,kruskal,30,316,0.7264367816091954,74,148,29,0.0,0.0,2.3833999875932932e-05,0,0,0.0,29,0.00014567900143447332
95,prim,30,316,0.7264367816091954,29,0,0,0.0,0.0,0.0,316,80,3.172301876475103e-05,29,9.39029996516183e-05
96,kruskal,30,316,0.7264367816091954,80,160,29,0.0,0.0,2.2931999410502613e-05,0,0,0.0,29,0.0001436140009900555
97,prim,30,357,0.8206896551724138,29,0,0,0.0,0.0,0.0,357,71,3.758695311262272e-05,29,0.0001017379981931299
98,kruskal,30,357,0.8206896551724138,73,146,29,0.0,0.0,2.591800148366019e-05,0,0,0.0,29,0.00015790099860168993
99,prim,30,350,0.8045977011494253,29,0,0,0.0,0.0,0.0,350,36,3.634999302448705e-05,29,9.276100172428414e-05
100,kruskal,30,350,0.8045977011494253,37,74,29,0.0,0.0,2.5728000764502212e-05,0,0,0.0,29,0.00014521800039801747
101,prim,30,402,0.9241379310344827,29,0,0,0.0,0.0,0.0,402,46,4.029400952276774e-05,29,0.00010368199946242385
102,kruskal,30,402,0.9241379310344827,45,90,29,0.0,0.0,2.8752998332493007e-05,0,0,0.0,29,0.00016765899999882095
103,prim,30,405,0.9310344827586207,29,0,0,0.0,0.0,0.0,405,45,4.217401874484494e-05,29,0.000105464001535438
104,kruskal,30,405,0.9310344827586207,47,94,29,0.0,0.0,2.9624003218486905e-05,0,0,0.0,29,0.0001646939999773167
105,prim,30,435,1.0,29,0,0,0.0,0.0,0.0,435,31,4.499899296206422e-05,29,0.00010816999929375015
106,kruskal,30,435,1.0,33,66,29,0.0,0.0,3.1338000553660095e-05,0,0,0.0,29,0.00017106499944929965
107,prim,30,435,1.0,29,0,0,0.0,0.0,0.0,435,46,4.543000613921322e-05,29,0.0001127379982790444
108,kruskal,30,435,1.0,48,96,29,0.0,0.0,3.2219999411609024e-05,0,0,0.0,29,0.00018122399706044234
109,prim,40,39,0.05,39,0,0,0.0,0.0,0.0,39,39,2.8329959604889154e-06,39,2.2371001250576228e-05
110,kruskal,40,39,0.05,39,78,39,0.0,0.0,1.763000909704715e-06,0,0,0.0,39,3.7549998523900285e-05
111,prim,40,39,0.05,39,0,0,0.0,0.0,0.0,39,39,2.887012669816613e-06,39,2.2401000023819506e-05
112,kruskal,40,39,0.05,39,78,39,0.0,0.0,1.6929989214986563e-06,0,0,0.0,39,3.6909001210005954e-05
113,prim,40,207,0.2653846153846154,39,0,0,0.0,0.0,0.0,207,76,2.202601172029972e-05,39,7.330500011448748e-05
114,kruskal,40,207,0.2653846153846154,78,156,39,0.0,0.0,1.5077999705681577e-05,0,0,0.0,39,0.00010978199861710891
115,prim,40,210,0.2692307692307692,39,0,0,0.0,0.0,0.0,210,90,2.2727999748894945e-05,39,7.688199912081473e-05
116,kruskal,40,210,0.2692307692307692,91,182,39,0.0,0.0,1.5468998753931373e-05,0,0,0.0,39,0.00011636500130407512
117,prim,40,301,0.3858974358974359,39,0,0,0.0,0.0,0.0,301,70,3.312101398478262e-05,39,9.6618001407478e-05
118,kruskal,40,301,0.3858974358974359,67,134,39,0.0,0.0,2.3443000827683136e-05,0,0,0.0,39,0.00014597900008084252
119,prim,40,298,0.382051282051282,39,0,0,0.0,0.0,0.0,298,69,3.304003621451557e-05,39,9.691900049801916e-05
120,kruskal,40,298,0.382051282051282,71,142,39,0.0,0.0,2.2060998162487522e-05,0,0,0.0,39,0.0001460089988540858
121,prim,40,370,0.47435897435897434,39,0,0,0.0,0.0,0.0,370,79,3.867700070259161e-05,39,0.00010941199798253365
122,kruskal,40,370,0.47435897435897434,80,160,39,0.0,0.0,2.7070000214735046e-05,0,0,0.0,39,0.00016499400226166472
123,prim,40,390,0.5,39,0,0,0.0,0.0,0.0,390,53,4.0297003579325974e-05,39,0.0001067869998223614
124,kruskal,40,390,0.5,54,108,39,0.0,0.0,3.872099841828458e-05,0,0,0.0,39,0.00018237699987366796
125,prim,40,463,0.5935897435897436,39,0,0,0.0,0.0,0.0,463,112,4.87359611724969e-05,39,0.00014286300211097114
126,kruskal,40,463,0.5935897435897436,115,230,39,0.0,0.0,3.5976001527160406e-05,0,0,0.0,39,0.00021760099843959324
127,prim,40,447,0.573076923076923,39,0,0,0.0,0.0,0.0,447,61,4.650099072023295e-05,39,0.000121213000966236
128,kruskal,40,447,0.573076923076923,58,116,39,0.0,0.0,3.416300023673102e-05,0,0,0.0,39,0.00019212400002288632
129,prim,40,555,0.7115384615384616,39,0,0,0.0,0.0,0.0,555,86,5.876000432181172e-05,39,0.0001564089980092831
130,kruskal,40,555,0.7115384615384616,82,164,39,0.0,0.0,4.5693999709328637e-05,0,0,0.0,39,0.0002482670024619438
131,prim,40,539,0.691025641025641,39,0,0,0.0,0.0,0.0,539,70,5.79649604333099e-05,39,0.00014972600183682516
132,kruskal,40,539,0.691025641025641,72,144,39,0.0,0.0,4.2518000554991886e-05,0,0,0.0,39,0.00023927099755383097
133,prim,40,627,0.8038461538461539,39,0,0,0.0,0.0,0.0,627,54,6.716198913636617e-05,39,0.00016613600018899888
134,kruskal,40,627,0.8038461538461539,54,108,39,0.0,0.0,4.862000059802085e-05,0,0,0.0,39,0.00025508000180707313
135,prim,40,627,0.8038461538461539,39,0,0,0.0,0.0,0.0,627,72,6.629897688981146e-05,39,0.0001690520002739504
136,kruskal,40,627,0.8038461538461539,76,152,39,0.0,0.0,4.8138997954083607e-05,0,0,0.0,39,0.0002577049999672454
137,prim,40,705,0.9038461538461539,39,0,0,0.0,0.0,0.0,705,90,7.500898936996236e-05,39,0.0001937280030688271
138,kruskal,40,705,0.9038461538461539,93,186,39,0.0,0.0,5.5222000810317695e-05,0,0,0.0,39,0.00030401100229937583
139,prim,40,698,0.8948717948717949,39,0,0,0.0,0.0,0.0,698,50,7.377697693300433e-05,39,0.00017909100279211998
140,kruskal,40,698,0.8948717948717949,51,102,39,0.0,0.0,6.209399725776166e-05,0,0,0.0,39,0.0002928000030806288
141,prim,40,780,1.0,39,0,0,0.0,0.0,0.0,780,103,8.20639543235302e-05,39,0.00020885499907308258
142,kruskal,40,780,1.0,105,210,39,0.0,0.0,6.127300002845004e-05,0,0,0.0,39,0.00033059999987017363
143,prim,40,780,1.0,39,0,0,0.0,0.0,0.0,780,78,9.009393397718668e-05,39,0.00021389399989857338
144,kruskal,40,780,1.0,81,162,39,0.0,0.0,6.066200148779899e-05,0,0,0.0,39,0.00031347799813374877
145,prim,50,49,0.04,49,0,0,0.0,0.0,0.0,49,49,3.6669989640358835e-06,49,2.8321999707259238e-05
146,kruskal,50,49,0.04,49,98,49,0.0,0.0,2.034001227002591e-06,0,0,0.0,49,4.5863998821005225e-05
147,prim,50,49,0.04,49,0,0,0.0,0.0,0.0,49,49,3.707995347213e-06,49,2.8132002626080066e-05
148,kruskal,50,49,0.04,49,98,49,0.0,0.0,2.053002390312031e-06,0,0,0.0,49,4.547299977275543e-05
149,prim,50,351,0.28653061224489795,49,0,0,0.0,0.0,0.0,351,124,3.8584006688324735e-05,49,0.00012302699906285852
150,kruskal,50,351,0.28653061224489795,125,250,49,0.0,0.0,2.679899989743717e-05,0,0,0.0,49,0.00018705500042415224
151,prim,50,386,0.31510204081632653,49,0,0,0.0,0.0,0.0,386,74,4.132200774620287e-05,49,0.00011883000115631148
152,kruskal,50,386,0.31510204081632653,81,162,49,0.0,0.0,2.865299757104367e-05,0,0,0.0,49,0.0001768260008248035
153,prim,50,488,0.3983673469387755,49,0,0,0.0,0.0,0.0,488,99,5.342499207472429e-05,49,0.0001485539978602901
154,kruskal,50,488,0.3983673469387755,99,198,49,0.0,0.0,3.710900273290463e-05,0,0,0.0,49,0.00021927399939158931
155,prim,50,484,0.39510204081632655,49,0,0,0.0,0.0,0.0,484,102,5.1571008953033015e-05,49,0.00014688100054627284
156,kruskal,50,484,0.39510204081632655,104,208,49,0.0,0.0,3.641800140030682e-05,0,0,0.0,49,0.00021882299915887415
157,prim,50,633,0.516734693877551,49,0,0,0.0,0.0,0.0,633,130,6.543798008351587e-05,49,0.00018514100156608038
158,kruskal,50,633,0.516734693877551,130,260,49,0.0,0.0,5.523100116988644e-05,0,0,0.0,49,0.0002809879988490138
159,prim,50,612,0.4995918367346939,49,0,0,0.0,0.0,0.0,612,102,7.237296813400462e-05,49,0.000186874000064563
160,kruskal,50,612,0.4995918367346939,100,200,49,0.0,0.0,4.6745997678954154e-05,0,0,0.0,49,0.00026311600231565535
161,prim,50,758,0.6187755102040816,49,0,0,0.0,0.0,0.0,758,105,7.981393355294131e-05,49,0.0002093559996865224
162,kruskal,50,758,0.6187755102040816,105,210,49,0.0,0.0,5.848799992236309e-05,0,0,0.0,49,0.0003159629995934665
163,prim,50,727,0.593469387755102,49,0,0,0.0,0.0,0.0,727,95,7.681595889152959e-05,49,0.0001978250002139248
164,kruskal,50,727,0.593469387755102,95,190,49,0.0,0.0,5.559300188906491e-05,0,0,0.0,49,0.00029743899722234346
165,prim,50,873,0.7126530612244898,49,0,0,0.0,0.0,0.0,873,131,8.794394670985639e-05,49,0.00023027499992167577
166,kruskal,50,873,0.7126530612244898,130,260,49,0.0,0.0,6.616199971176684e-05,0,0,0.0,49,0.0003765939982258715
167,prim,50,866,0.7069387755102041,49,0,0,0.0,0.0,0.0,866,117,8.768594852881506e-05,49,0.0002269590004289057
168,kruskal,50,866,0.7069387755102041,118,236,49,0.0,0.0,6.532999759656377e-05,0,0,0.0,49,0.0003470290030236356
169,prim,50,945,0.7714285714285715,49,0,0,0.0,0.0,0.0,945,122,9.445309115108103e-05,49,0.0002446210019115824
170,kruskal,50,945,0.7714285714285715,124,248,49,0.0,0.0,7.084100070642307e-05,0,0,0.0,49,0.0003713949990924448
171,prim,50,991,0.8089795918367347,49,0,0,0.0,0.0,0.0,991,99,9.880401557893492e-05,49,0.0002462840020598378
172,kruskal,50,991,0.8089795918367347,97,194,49,0.0,0.0,7.414599895128049e-05,0,0,0.0,49,0.0003900990013789851
173,prim,50,1134,0.9257142857142857,49,0,0,0.0,0.0,0.0,1134,114,0.0001121330278692767,49,0.0002778730013233144
174,kruskal,50,1134,0.9257142857142857,117,234,49,0.0,0.0,8.6169002315728e-05,0,0,0.0,49,0.00042976300028385594
175,prim,50,1113,0.9085714285714286,49,0,0,0.0,0.0,0.0,1113,90,0.00011106502643087879,49,0.00026996800079359673
176,kruskal,50,1113,0.9085714285714286,88,176,49,0.0,0.0,8.480700125801377e-05,0,0,0.0,49,0.0004117499993299134
177,prim,50,1225,1.0,49,0,0,0.0,0.0,0.0,1225,121,0.00012520301243057474,49,0.00031536199821857736
178,kruskal,50,1225,1.0,118,236,49,0.0,0.0,0.00010466299863765016,0,0,0.0,49,0.00047936299961293116
179,prim,50,1225,1.0,49,0,0,0.0,0.0,0.0,1225,86,0.00012447994959075004,49,0.0002993620000779629
180,kruskal,50,1225,1.0,79,158,49,0.0,0.0,9.845100066740997e-05,0,0,0.0,49,0.0004807069999515079
181,prim,60,59,0.03333333333333333,59,0,0,0.0,0.0,0.0,59,59,4.688994522439316e-06,59,3.3350999729009345e-05
182,kruskal,60,59,0.03333333333333333,59,118,59,0.0,0.0,2.554999809945002e-06,0,0,0.0,59,5.204599801800214e-05
183,prim,60,59,0.03333333333333333,59,0,0,0.0,0.0,0.0,59,59,5.769990821136162e-06,59,3.628699778346345e-05
184,kruskal,60,59,0.03333333333333333,59,118,59,0.0,0.0,2.545002644183114e-06,0,0,0.0,59,5.7826000556815416e-05
185,prim,60,557,0.31468926553672316,59,0,0,0.0,0.0,0.0,557,141,6.0966951423324645e-05,59,0.0001792799994291272
186,kruskal,60,557,0.31468926553672316,140,280,59,0.0,0.0,4.46619997092057e-05,0,0,0.0,59,0.0002736749993346166
187,prim,60,517,0.292090395480226,59,0,0,0.0,0.0,0.0,517,79,5.703199713025242e-05,59,0.00015375400107586756
188,kruskal,60,517,0.292090395480226,80,160,59,0.0,0.0,4.0884999179979786e-05,0,0,0.0,59,0.00024410000332864001
189,prim,60,733,0.41412429378531074,59,0,0,0.0,0.0,0.0,733,112,8.273901403299533e-05,59,0.0002259760003653355
190,kruskal,60,733,0.41412429378531074,108,216,59,0.0,0.0,5.7876000937540084e-05,0,0,0.0,59,0.00034502600101404823
191,prim,60,700,0.3954802259887006,59,0,0,0.0,0.0,0.0,700,98,7.497295155189931e-05,59,0.0002006699978664983
192,kruskal,60,700,0.3954802259887006,98,196,59,0.0,0.0,5.3728999773738906e-05,0,0,0.0,59,0.0003054129992960952
193,prim,60,879,0.4966101694915254,59,0,0,0.0,0.0,0.0,879,184,9.34850650082808e-05,59,0.00026399700072943233
194,kruskal,60,879,0.4966101694915254,190,380,59,0.0,0.0,7.118100256775506e-05,0,0,0.0,59,0.000405818998842733
195,prim,60,866,0.48926553672316386,59,0,0,0.0,0.0,0.0,866,139,9.117595254792832e-05,59,0.0002472060004947707
196,kruskal,60,866,0.48926553672316386,136,272,59,0.0,0.0,6.806500095990486e-05,0,0,0.0,59,0.00037795699972775765
197,prim,60,1061,0.5994350282485875,59,0,0,0.0,0.0,0.0,1061,112,0.00011381597505533136,59,0.00029127699963282794
198,kruskal,60,1061,0.5994350282485875,117,234,59,0.0,0.0,8.386500121559948e-05,0,0,0.0,59,0.00043115500011481345
199,prim,60,1053,0.5949152542372881,59,0,0,0.0,0.0,0.0,1053,84,0.00012013201921945438,59,0.00028695900255115703
200,kruskal,60,1053,0.5949152542372881,84,168,59,0.0,0.0,7.918599658296444e-05,0,0,0.0,59,0.0004065890025231056
201,prim,60,1287,0.7271186440677966,59,0,0,0.0,0.0,0.0,1287,142,0.00013683906945516355,59,0.0003452970013313461
202,kruskal,60,1287,0.7271186440677966,147,294,59,0.0,0.0,0.00010278999980073422,0,0,0.0,59,0.0005129450000822544
203,prim,60,1196,0.6757062146892655,59,0,0,0.0,0.0,0.0,1196,161,0.00012853002772317268,59,0.000340156999300234
204,kruskal,60,1196,0.6757062146892655,164,328,59,0.0,0.0,9.607799802324735e-05,0,0,0.0,59,0.0004952730014338158
205,prim,60,1403,0.7926553672316384,59,0,0,0.0,0.0,0.0,1403,123,0.00014117598766461015,59,0.00034605799737619236
206,kruskal,60,1403,0.7926553672316384,122,244,59,0.0,0.0,0.00010670700066839345,0,0,0.0,59,0.0005259799982013647
207,prim,60,1415,0.7994350282485876,59,0,0,0.0,0.0,0.0,1415,115,0.00014271582767833024,59,0.0003503860025375616
208,kruskal,60,1415,0.7994350282485876,115,230,59,0.0,0.0,0.00011294800060568377,0,0,0.0,59,0.0005647819998557679
209,prim,60,1597,0.9022598870056497,59,0,0,0.0,0.0,0.0,1597,103,0.00015905507098068483,59,0.00038757500078645535
210,kruskal,60,1597,0.9022598870056497,99,198,59,0.0,0.0,0.00012187399988761172,0,0,0.0,59,0.0005904989993723575
211,prim,60,1589,0.8977401129943503,59,0,0,0.0,0.0,0.0,1589,194,0.00015893796444288455,59,0.00040984600127558224
212,kruskal,60,1589,0.8977401129943503,199,398,59,0.0,0.0,0.00012182399950688705,0,0,0.0,59,0.0006288799995672889
213,prim,60,1770,1.0,59,0,0,0.0,0.0,0.0,1770,160,0.00018056000408250839,59,0.00043893900146940723
214,kruskal,60,1770,1.0,166,332,59,0.0,0.0,0.00014293399726739153,0,0,0.0,59,0.0006624909983656835
215,prim,60,1770,1.0,59,0,0,0.0,0.0,0.0,1770,96,0.00018573807392385788,59,0.0004205450022709556
216,kruskal,60,1770,1.0,100,200,59,0.0,0.0,0.00014332399950944819,0,0,0.0,59,0.0006490369996754453
217,prim,70,69,0.02857142857142857,69,0,0,0.0,0.0,0.0,69,69,5.03498813486658e-06,69,3.565600127330981e-05
218,kruskal,70,69,0.02857142857142857,69,138,69,0.0,0.0,2.434997441014275e-06,0,0,0.0,69,5.91690004512202e-05
219,prim,70,69,0.02857142857142857,69,0,0,0.0,0.0,0.0,69,69,5.082027200842276e-06,69,3.5825996747007594e-05
220,kruskal,70,69,0.02857142857142857,69,138,69,0.0,0.0,2.3839966161176562e-06,0,0,0.0,69,5.6363998737651855e-05
221,prim,70,687,0.284472049689441,69,0,0,0.0,0.0,0.0,687,186,7.706897667958401e-05,69,0.00022013600028003566
222,kruskal,70,687,0.284472049689441,182,364,69,0.0,0.0,5.17250009579584e-05,0,0,0.0,69,0.0003065860000788234
223,prim,70,728,0.30144927536231886,69,0,0,0.0,0.0,0.0,728,174,7.64810356486123e-05,69,0.0002200660019298084
224,kruskal,70,728,0.30144927536231886,178,356,69,0.0,0.0,5.478100138134323e-05,0,0,0.0,69,0.00032117299997480586
225,prim,70,957,0.39627329192546584,69,0,0,0.0,0.0,0.0,957,153,9.637295806896873e-05,69,0.0002664619969436899
226,kruskal,70,957,0.39627329192546584,153,306,69,0.0,0.0,7.25940008123871e-05,0,0,0.0,69,0.00038682300146319903
227,prim,70,933,0.38633540372670805,69,0,0,0.0,0.0,0.0,933,164,9.532604599371552e-05,69,0.00026249399888911285
228,kruskal,70,933,0.38633540372670805,166,332,69,0.0,0.0,6.958900121389888e-05,0,0,0.0,69,0.00038117200165288523
229,prim,70,1238,0.5126293995859214,69,0,0,0.0,0.0,0.0,1238,242,0.00012551294639706612,69,0.00035329099773662165
230,kruskal,70,1238,0.5126293995859214,244,488,69,0.0,0.0,0.0001010470004985109,0,0,0.0,69,0.0005116740030643996
231,prim,70,1185,0.4906832298136646,69,0,0,0.0,0.0,0.0,1185,151,0.00012684501052717678,69,0.0003312499975436367
232,kruskal,70,1185,0.4906832298136646,154,308,69,0.0,0.0,9.586699889041483e-05,0,0,0.0,69,0.0004913759985356592
233,prim,70,1436,0.5946169772256729,69,0,0,0.0,0.0,0.0,1436,156,0.0001439059960830491,69,0.00036909100163029507
234,kruskal,70,1436,0.5946169772256729,160,320,69,0.0,0.0,0.00010941200162051246,0,0,0.0,69,0.0005669050005963072
235,prim,70,1397,0.5784679089026915,69,0,0,0.0,0.0,0.0,1397,160,0.00014698704762849957,69,0.00038230500285862945
236,kruskal,70,1397,0.5784679089026915,164,328,69,0.0,0.0,0.00011165600153617561,0,0,0.0,69,0.0005808010027976707
237,prim,70,1679,0.6952380952380952,69,0,0,0.0,0.0,0.0,1679,164,0.0001774860211298801,69,0.0004512819978117477
238,kruskal,70,1679,0.6952380952380952,158,316,69,0.0,0.0,0.00014013799955137074,0,0,0.0,69,0.0006699650002701674
239,prim,70,1678,0.694824016563147,69,0,0,0.0,0.0,0.0,1678,162,0.00017806393952923827,69,0.0004441290002432652
240,kruskal,70,1678,0.694824016563147,155,310,69,0.0,0.0,0.00013851599942427129,0,0,0.0,69,0.0006670199982181657
241,prim,70,1931,0.7995859213250518,69,0,0,0.0,0.0,0.0,1931,149,0.0002020779975282494,69,0.0004937809972034302
242,kruskal,70,1931,0.7995859213250518,149,298,69,0.0,0.0,0.00015427399921463802,0,0,0.0,69,0.000754741999116959
243,prim,70,1975,0.8178053830227743,69,0,0,0.0,0.0,0.0,1975,131,0.0002039220416918397,69,0.0004910560019197874
244,kruskal,70,1975,0.8178053830227743,119,238,69,0.0,0.0,0.0001576610011397861,0,0,0.0,69,0.0007443230024364311
245,prim,70,2181,0.9031055900621118,69,0,0,0.0,0.0,0.0,2181,151,0.00023534098727395758,69,0.0005710329969588201
246,kruskal,70,2181,0.9031055900621118,132,264,69,0.0,0.0,0.00017317899983027019,0,0,0.0,69,0.0008260229988081846
247,prim,70,2167,0.8973084886128364,69,0,0,0.0,0.0,0.0,2167,134,0.00023060186867951415,69,0.0005425599993031938
248,kruskal,70,2167,0.8973084886128364,141,282,69,0.0,0.0,0.00017346000095130876,0,0,0.0,69,0.000840880999021465
249,prim,70,2415,1.0,69,0,0,0.0,0.0,0.0,2415,138,0.0002561270412115846,69,0.000601610001467634
250,kruskal,70,2415,1.0,148,296,69,0.0,0.0,0.0001920750000863336,0,0,0.0,69,0.0009327799998573028
251,prim,70,2415,1.0,69,0,0,0.0,0.0,0.0,2415,126,0.00025185304548358545,69,0.0005966800017631613
252,kruskal,70,2415,1.0,108,216,69,0.0,0.0,0.0001899900016724132,0,0,0.0,69,0.0009095069981412962
253,prim,80,79,0.025,79,0,0,0.0,0.0,0.0,79,79,5.7129800552502275e-06,79,4.15559989050962e-05
254,kruskal,80,79,0.025,79,158,79,0.0,0.0,2.715001755859703e-06,0,0,0.0,79,6.809600017732009e-05
255,prim,80,79,0.025,79,0,0,0.0,0.0,0.0,79,79,5.9980266087222844e-06,79,4.2288000258849934e-05
256,kruskal,80,79,0.025,79,158,79,0.0,0.0,2.755001332843676e-06,0,0,0.0,79,6.752400076948106e-05
257,prim,80,982,0.31075949367088607,79,0,0,0.0,0.0,0.0,982,149,0.00010525597099331208,79,0.0002941719976661261
258,kruskal,80,982,0.31075949367088607,151,302,79,0.0,0.0,7.583900151075795e-05,0,0,0.0,79,0.0004014200021629222
259,prim,80,920,0.2911392405063291,79,0,0,0.0,0.0,0.0,920,221,0.00010770400331239216,79,0.0003046410020033363
260,kruskal,80,920,0.2911392405063291,222,444,79,0.0,0.0,7.14919988240581e-05,0,0,0.0,79,0.0004059589991811663
261,prim,80,1250,0.39556962025316456,79,0,0,0.0,0.0,0.0,1250,195,0.00012935504128108732,79,0.0003472909993433859
262,kruskal,80,1250,0.39556962025316456,195,390,79,0.0,0.0,9.637699986342341e-05,0,0,0.0,79,0.0004993609982193448
263,prim,80,1258,0.3981012658227848,79,0,0,0.0,0.0,0.0,1258,129,0.00013264397784951143,79,0.0003437140003370587
264,kruskal,80,1258,0.3981012658227848,128,256,79,0.0,0.0,0.00010900100096478127,0,0,0.0,79,0.0004959539983246941
265,prim,80,1548,0.489873417721519,79,0,0,0.0,0.0,0.0,1548,234,0.00016641693582641892,79,0.0004334800032665953
266,kruskal,80,1548,0.489873417721519,239,478,79,0.0,0.0,0.0001258020020031836,0,0,0.0,79,0.0006206940015545115
267,prim,80,1578,0.49936708860759493,79,0,0,0.0,0.0,0.0,1578,179,0.00016883499483810738,79,0.00042720800047391094
268,kruskal,80,1578,0.49936708860759493,174,348,79,0.0,0.0,0.00012230499851284549,0,0,0.0,79,0.0006145530023786705
269,prim,80,1910,0.6044303797468354,79,0,0,0.0,0.0,0.0,1910,153,0.00019831796453217976,79,0.0004832719969272148
270,kruskal,80,1910,0.6044303797468354,158,316,79,0.0,0.0,0.0001470809984311927,0,0,0.0,79,0.0007083260024955962
271,prim,80,1885,0.5965189873417721,79,0,0,0.0,0.0,0.0,1885,213,0.00018896598339779302,79,0.00048344099923269823
272,kruskal,80,1885,0.5965189873417721,215,430,79,0.0,0.0,0.00014918500164640136,0,0,0.0,79,0.0007141070018406026
273,prim,80,2195,0.694620253164557,79,0,0,0.0,0.0,0.0,2195,187,0.00022313490262604319,79,0.0005615760019281879
274,kruskal,80,2195,0.694620253164557,195,390,79,0.0,0.0,0.0001755130033416208,0,0,0.0,79,0.000810294000984868
275,prim,80,2205,0.6977848101265823,79,0,0,0.0,0.0,0.0,2205,166,0.00022389493824448436,79,0.0005469089992402587
276,kruskal,80,2205,0.6977848101265823,164,328,79,0.0,0.0,0.00017154699889943004,0,0,0.0,79,0.0007957470006658696
277,prim,80,2482,0.7854430379746835,79,0,0,0.0,0.0,0.0,2482,138,0.0002539790148148313,79,0.0005998460001137573
278,kruskal,80,2482,0.7854430379746835,135,270,79,0.0,0.0,0.00019032099953619763,0,0,0.0,79,0.0008857430002535693
279,prim,80,2514,0.7955696202531646,79,0,0,0.0,0.0,0.0,2514,282,0.0002550099234213121,79,0.000644579002255341
280,kruskal,80,2514,0.7955696202531646,261,522,79,0.0,0.0,0.00019896700177923776,0,0,0.0,79,0.0009284719999413937
281,prim,80,2821,0.8927215189873418,79,0,0,0.0,0.0,0.0,2821,180,0.00028945895974175073,79,0.0006877380001242273
282,kruskal,80,2821,0.8927215189873418,176,352,79,0.0,0.0,0.00021826200099894777,0,0,0.0,79,0.0010288869998476002
283,prim,80,2845,0.9003164556962026,79,0,0,0.0,0.0,0.0,2845,179,0.0002906769841501955,79,0.0006966639994061552
284,kruskal,80,2845,0.9003164556962026,186,372,79,0.0,0.0,0.00023030499869491905,0,0,0.0,79,0.001072056998964399
285,prim,80,3160,1.0,79,0,0,0.0,0.0,0.0,3160,136,0.00034077810778399,79,0.0008037320003495552
286,kruskal,80,3160,1.0,146,292,79,0.0,0.0,0.0002644579981279094,0,0,0.0,79,0.0012449960013327654
287,prim,80,3160,1.0,79,0,0,0.0,0.0,0.0,3160,183,0.00047402107884408906,79,0.0011517340026330203
288,kruskal,80,3160,1.0,189,378,79,0.0,0.0,0.00025194399859174155,0,0,0.0,79,0.0012037490014336072
289,prim,90,89,0.022222222222222223,89,0,0,0.0,0.0,0.0,89,89,6.522019248222932e-06,89,4.6555996959796175e-05
290,kruskal,90,89,0.022222222222222223,89,178,89,0.0,0.0,3.0459996196441352e-06,0,0,0.0,89,7.391600229311734e-05
291,prim,90,89,0.022222222222222223,89,0,0,0.0,0.0,0.0,89,89,6.553014827659354e-06,89,4.54440014436841e-05
292,kruskal,90,89,0.022222222222222223,89,178,89,0.0,0.0,2.9849979910068214e-06,0,0,0.0,89,7.363600161625072e-05
293,prim,90,1231,0.3073657927590512,89,0,0,0.0,0.0,0.0,1231,251,0.00013734800086240284,89,0.00037830799919902347
294,kruskal,90,1231,0.3073657927590512,256,512,89,0.0,0.0,0.00010240800111205317,0,0,0.0,89,0.0005244870008027647
295,prim,90,1194,0.29812734082397,89,0,0,0.0,0.0,0.0,1194,157,0.00012041794252581894,89,0.0003230560032534413
296,kruskal,90,1194,0.29812734082397,147,294,89,0.0,0.0,9.190899800159968e-05,0,0,0.0,89,0.00046954599747550674
297,prim,90,1582,0.39500624219725344,89,0,0,0.0,0.0,0.0,1582,288,0.00016014092398108914,89,0.00044474999958765693
298,kruskal,90,1582,0.39500624219725344,283,566,89,0.0,0.0,0.0001214440017065499,0,0,0.0,89,0.000630361999355955
299,prim,90,1537,0.38377028714107364,89,0,0,0.0,0.0,0.0,1537,235,0.00015783498020027764,89,0.00042786899939528666
300,kruskal,90,1537,0.38377028714107364,227,454,89,0.0,0.0,0.00011955000081798062,0,0,0.0,89,0.0006011580007907469
301,prim,90,1996,0.4983770287141074,89,0,0,0.0,0.0,0.0,1996,211,0.0002022060398303438,89,0.0005127550030010752
302,kruskal,90,1996,0.4983770287141074,216,432,89,0.0,0.0,0.00015467499906662852,0,0,0.0,89,0.0007592999972985126
303,prim,90,1990,0.4968789013732834,89,0,0,0.0,0.0,0.0,1990,315,0.00021298792489687912,89,0.0005546729989873711
304,kruskal,90,1990,0.4968789013732834,307,614,89,0.0,0.0,0.00015459499991266057,0,0,0.0,89,0.0008159349999914411
305,prim,90,2391,0.5970037453183521,89,0,0,0.0,0.0,0.0,2391,310,0.00024709204808459617,89,0.0006565110015799291
306,kruskal,90,2391,0.5970037453183521,313,626,89,0.0,0.0,0.00018699499923968688,0,0,0.0,89,0.0009257269994122908
307,prim,90,2415,0.602996254681648,89,0,0,0.0,0.0,0.0,2415,315,0.00025166503837681375,89,0.0006574619983439334
308,kruskal,90,2415,0.602996254681648,318,636,89,0.0,0.0,0.0001875159978226293,0,0,0.0,89,0.0009281310012738686
309,prim,90,2837,0.7083645443196005,89,0,0,0.0,0.0,0.0,2837,256,0.00030004200380062684,89,0.0008236190005845856
310,kruskal,90,2837,0.7083645443196005,251,502,89,0.0,0.0,0.00022434399943449534,0,0,0.0,89,0.0010852810009964742
311,prim,90,2858,0.7136079900124844,89,0,0,0.0,0.0,0.0,2858,206,0.00030194293867680244,89,0.0007333930007007439
312,kruskal,90,2858,0.7136079900124844,199,398,89,0.0,0.0,0.00022177899882080965,0,0,0.0,89,0.0010520899995754007
313,prim,90,3258,0.8134831460674158,89,0,0,0.0,0.0,0.0,3258,161,0.0003736059552466031,89,0.0010307109987479635
314,kruskal,90,3258,0.8134831460674158,161,322,89,0.0,0.0,0.0002836640014720615,0,0,0.0,89,0.0013302530023793224
315,prim,90,3200,0.7990012484394506,89,0,0,0.0,0.0,0.0,3200,147,0.00034736104134935886,89,0.0008101540006464347
316,kruskal,90,3200,0.7990012484394506,147,294,89,0.0,0.0,0.0002638869991642423,0,0,0.0,89,0.0012138880010752473
317,prim,90,3582,0.8943820224719101,89,0,0,0.0,0.0,0.0,3582,208,0.00038633402073173784,89,0.0009424370000488125
318,kruskal,90,3582,0.8943820224719101,209,418,89,0.0,0.0,0.0003012449997186195,0,0,0.0,89,0.0013748150013270788
319,prim,90,3612,0.90187265917603,89,0,0,0.0,0.0,0.0,3612,290,0.0003964379648095928,89,0.0009502520006208215
320,kruskal,90,3612,0.90187265917603,258,516,89,0.0,0.0,0.0002998729978571646,0,0,0.0,89,0.0013891719972889405
321,prim,90,4005,1.0,89,0,0,0.0,0.0,0.0,4005,200,0.00042947793917846866,89,0.0010269740014337003
322,kruskal,90,4005,1.0,198,396,89,0.0,0.0,0.0003302889999758918,0,0,0.0,89,0.0015158349997363985
323,prim,90,4005,1.0,89,0,0,0.0,0.0,0.0,4005,162,0.00043604302481980994,89,0.0009897249983623624
324,kruskal,90,4005,1.0,163,326,89,0.0,0.0,0.0003267419997428078,0,0,0.0,89,0.0014994049997767434
325,prim,100,99,0.02,99,0,0,0.0,0.0,0.0,99,99,7.270962669281289e-06,99,5.1885999710066244e-05
326,kruskal,100,99,0.02,99,198,99,0.0,0.0,3.3859978429973125e-06,0,0,0.0,99,9.2120000772411e-05
327,prim,100,99,0.02,99,0,0,0.0,0.0,0.0,99,99,7.371992978733033e-06,99,5.148499985807575e-05
328,kruskal,100,99,0.02,99,198,99,0.0,0.0,1.0239000403089449e-05,0,0,0.0,99,8.997600161819719e-05
329,prim,100,1482,0.2993939393939394,99,0,0,0.0,0.0,0.0,1482,186,0.00015913700917735696,99,0.00042082600339199416
330,kruskal,100,1482,0.2993939393939394,188,376,99,0.0,0.0,0.00011853799878736027,0,0,0.0,99,0.0006027919989719521
331,prim,100,1441,0.2911111111111111,99,0,0,0.0,0.0,0.0,1441,208,0.00015404907026095316,99,0.0004121509991819039
332,kruskal,100,1441,0.2911111111111111,213,426,99,0.0,0.0,0.00011604400060605258,0,0,0.0,99,0.0005937650021223817
333,prim,100,1989,0.4018181818181818,99,0,0,0.0,0.0,0.0,1989,293,0.0002162849523301702,99,0.000570842999877641
334,kruskal,100,1989,0.4018181818181818,296,592,99,0.0,0.0,0.00016083700029412284,0,0,0.0,99,0.0008132799994200468
335,prim,100,1956,0.39515151515151514,99,0,0,0.0,0.0,0.0,1956,204,0.00019499403060763143,99,0.00050163500054623
336,kruskal,100,1956,0.39515151515151514,207,414,99,0.0,0.0,0.00015121899923542514,0,0,0.0,99,0.000743340999179054
337,prim,100,2504,0.5058585858585859,99,0,0,0.0,0.0,0.0,2504,298,0.00025759304116945714,99,0.0006530640021082945
338,kruskal,100,2504,0.5058585858585859,290,580,99,0.0,0.0,0.0001945790027093608,0,0,0.0,99,0.0009363270000903867
339,prim,100,2493,0.5036363636363637,99,0,0,0.0,0.0,0.0,2493,277,0.00026843108935281634,99,0.0006928070033609401
340,kruskal,100,2493,0.5036363636363637,275,550,99,0.0,0.0,0.0001926849981828127,0,0,0.0,99,0.0009483989997534081
341,prim,100,2981,0.6022222222222222,99,0,0,0.0,0.0,0.0,2981,216,0.0003093629638897255,99,0.0007489709969377145
342,kruskal,100,2981,0.6022222222222222,216,432,99,0.0,0.0,0.00023482300093746744,0,0,0.0,99,0.001100278997910209
343,prim,100,2951,0.5961616161616161,99,0,0,0.0,0.0,0.0,2951,219,0.00030411606712732464,99,0.0007374099986918736
344,kruskal,100,2951,0.5961616161616161,210,420,99,0.0,0.0,0.0002453619999869261,0,0,0.0,99,0.0011183319984411355
345,prim,100,3467,0.7004040404040404,99,0,0,0.0,0.0,0.0,3467,286,0.00035576498703449033,99,0.0008790210013103206
346,kruskal,100,3467,0.7004040404040404,293,586,99,0.0,0.0,0.00028781099899788387,0,0,0.0,99,0.0013764180002908688
347,prim,100,3461,0.6991919191919191,99,0,0,0.0,0.0,0.0,3461,167,0.0003660859692899976,99,0.0009361660013382789
348,kruskal,100,3461,0.6991919191919191,165,330,99,0.0,0.0,0.0002795649998006411,0,0,0.0,99,0.0013169680023565888
349,prim,100,3980,0.804040404040404,99,0,0,0.0,0.0,0.0,3980,239,0.00042406988359289244,99,0.001045868997607613
350,kruskal,100,3980,0.804040404040404,244,488,99,0.0,0.0,0.00033143100154120475,0,0,0.0,99,0.0015580930012220051
351,prim,100,3974,0.8028282828282828,99,0,0,0.0,0.0,0.0,3974,202,0.00042071913048857823,99,0.0010005849981098436
352,kruskal,100,3974,0.8028282828282828,196,392,99,0.0,0.0,0.0003191779978806153,0,0,0.0,99,0.001475621000281535
353,prim,100,4455,0.9,99,0,0,0.0,0.0,0.0,4455,341,0.00048576490371488035,99,0.0012010650025331415
354,kruskal,100,4455,0.9,352,704,99,0.0,0.0,0.0003612260006775614,0,0,0.0,99,0.001680037999904016
355,prim,100,4453,0.8995959595959596,99,0,0,0.0,0.0,0.0,4453,224,0.0004651108683901839,99,0.0010919129999820143
356,kruskal,100,4453,0.8995959595959596,239,478,99,0.0,0.0,0.0003555059993232135,0,0,0.0,99,0.0016213089984375983
357,prim,100,4950,1.0,99,0,0,0.0,0.0,0.0,4950,244,0.0005140920075064059,99,0.0012101020001864526
358,kruskal,100,4950,1.0,256,512,99,0.0,0.0,0.0003910409977834206,0,0,0.0,99,0.0017915140015247744
359,prim,100,4950,1.0,99,0,0,0.0,0.0,0.0,4950,237,0.0005090329505037516,99,0.0011708279998856597
360,kruskal,100,4950,1.0,251,502,99,0.0,0.0,0.0003867330015054904,0,0,0.0,99,0.0017669279986876063
361,prim,110,109,0.01818181818181818,109,0,0,0.0,0.0,0.0,109,109,7.837010343791917e-06,109,5.372900341171771e-05
362,kruskal,110,109,0.01818181818181818,109,218,109,0.0,0.0,3.426001057960093e-06,0,0,0.0,109,8.59989995660726e-05
363,prim,110,109,0.01818181818181818,109,0,0,0.0,0.0,0.0,109,109,7.673992513446137e-06,109,5.2928000513929874e-05
364,kruskal,110,109,0.01818181818181818,109,218,109,0.0,0.0,3.3959986467380077e-06,0,0,0.0,109,8.567799886805005e-05
365,prim,110,1796,0.29958298582151793,109,0,0,0.0,0.0,0.0,1796,212,0.00018168301539844833,109,0.0004783320000569802
366,kruskal,110,1796,0.29958298582151793,209,418,109,0.0,0.0,0.00013688200124306604,0,0,0.0,109,0.000687668001774
367,prim,110,1775,0.29608006672226855,109,0,0,0.0,0.0,0.0,1775,194,0.00018158495731768198,109,0.000466670000605518
368,kruskal,110,1775,0.29608006672226855,198,396,109,0.0,0.0,0.0001370130012219306,0,0,0.0,109,0.0006811560015194118
369,prim,110,2381,0.39716430358632193,109,0,0,0.0,0.0,0.0,2381,274,0.0002460630057612434,109,0.0006238099995243829
370,kruskal,110,2381,0.39716430358632193,277,554,109,0.0,0.0,0.00018411999917589128,0,0,0.0,109,0.0009056099988811184
371,prim,110,2386,0.3979983319432861,109,0,0,0.0,0.0,0.0,2386,239,0.00025065294903470203,109,0.0006247219971555751
372,kruskal,110,2386,0.3979983319432861,236,472,109,0.0,0.0,0.00018295699919690378,0,0,0.0,109,0.0008932869968703017
373,prim,110,2931,0.488907422852377,109,0,0,0.0,0.0,0.0,2931,270,0.0003020439871761482,109,0.0007511650001106318
374,kruskal,110,2931,0.488907422852377,274,548,109,0.0,0.0,0.00023289000091608614,0,0,0.0,109,0.0010968620008497965
375,prim,110,3007,0.5015846538782318,109,0,0,0.0,0.0,0.0,3007,224,0.00030810589669272304,109,0.0007540500009781681
376,kruskal,110,3007,0.5015846538782318,226,452,109,0.0,0.0,0.0002304049994563684,0,0,0.0,109,0.0011047869993490167
377,prim,110,3633,0.6060050041701418,109,0,0,0.0,0.0,0.0,3633,266,0.00038355701326509006,109,0.0009062409990292508
378,kruskal,110,3633,0.6060050041701418,298,596,109,0.0,0.0,0.00028046800071024336,0,0,0.0,109,0.00133252699743025
379,prim,110,3672,0.6125104253544621,109,0,0,0.0,0.0,0.0,3672,205,0.0003793318319367245,109,0.0008945100016717333
380,kruskal,110,3672,0.6125104253544621,207,414,109,0.0,0.0,0.00028552699950523674,0,0,0.0,109,0.0013434470020001754
381,prim,110,4205,0.7014178482068391,109,0,0,0.0,0.0,0.0,4205,184,0.00043727688171202317,109,0.0010066360009659547
382,kruskal,110,4205,0.7014178482068391,179,358,109,0.0,0.0,0.0003335350011184346,0,0,0.0,109,0.001513521001470508
383,prim,110,4241,0.7074228523769808,109,0,0,0.0,0.0,0.0,4241,290,0.0004442500103323255,109,0.0010493950030650012
384,kruskal,110,4241,0.7074228523769808,297,594,109,0.0,0.0,0.0003427619994909037,0,0,0.0,109,0.001542805002827663
385,prim,110,4810,0.8023352793994996,109,0,0,0.0,0.0,0.0,4810,528,0.0005111709324410185,109,0.00129435700000613
386,kruskal,110,4810,0.8023352793994996,537,1074,109,0.0,0.0,0.0003837280019070022,0,0,0.0,109,0.0018223100014438387
387,prim,110,4773,0.796163469557965,109,0,0,0.0,0.0,0.0,4773,317,0.0004906288704660255,109,0.0012011949984298553
388,kruskal,110,4773,0.796163469557965,329,658,109,0.0,0.0,0.0003797309982473962,0,0,0.0,109,0.0017579919986019377
389,prim,110,5417,0.9035863219349458,109,0,0,0.0,0.0,0.0,5417,342,0.0005652999388985336,109,0.001369855999655556
390,kruskal,110,5417,0.9035863219349458,349,698,109,0.0,0.0,0.00042346000191173516,0,0,0.0,109,0.0019653439994726796
391,prim,110,5426,0.9050875729774812,109,0,0,0.0,0.0,0.0,5426,316,0.0005608571082120761,109,0.0013181710019125603
392,kruskal,110,5426,0.9050875729774812,326,652,109,0.0,0.0,0.00042758900235639885,0,0,0.0,109,0.001958421999006532
393,prim,110,5995,1.0,109,0,0,0.0,0.0,0.0,5995,223,0.0006235352047951892,109,0.0014503239981422666
394,kruskal,110,5995,1.0,216,432,109,0.0,0.0,0.0005127050026203506,0,0,0.0,109,0.002386431002378231
395,prim,110,5995,1.0,109,0,0,0.0,0.0,0.0,5995,268,0.0006940442071936559,109,0.0017839690008258913
396,kruskal,110,5995,1.0,245,490,109,0.0,0.0,0.000556125000002794,0,0,0.0,109,0.0031732520001241937
397,prim,120,119,0.016666666666666666,119,0,0,0.0,0.0,0.0,119,119,9.81299308477901e-06,119,6.600200140383095e-05
398,kruskal,120,119,0.016666666666666666,119,238,119,0.0,0.0,3.797002136707306e-06,0,0,0.0,119,0.00010940200081677176
399,prim,120,119,0.016666666666666666,119,0,0,0.0,0.0,0.0,119,119,9.182986104860902e-06,119,6.267600110732019e-05
400,kruskal,120,119,0.016666666666666666,119,238,119,0.0,0.0,4.007000825367868e-06,0,0,0.0,119,0.00010534400280448608
401,prim,120,2084,0.29187675070028013,119,0,0,0.0,0.0,0.0,2084,269,0.00023173604131443426,119,0.0006388080000760965
402,kruskal,120,2084,0.29187675070028013,270,540,119,0.0,0.0,0.00016691799828549847,0,0,0.0,119,0.0008709260000614449
403,prim,120,2098,0.2938375350140056,119,0,0,0.0,0.0,0.0,2098,328,0.0002447170300001744,119,0.0006608280018554069
404,kruskal,120,2098,0.2938375350140056,336,672,119,0.0,0.0,0.00017791799837141298,0,0,0.0,119,0.0009229319985024631
405,prim,120,2859,0.4004201680672269,119,0,0,0.0,0.0,0.0,2859,360,0.00031673998455516994,119,0.0008482140001433436
406,kruskal,120,2859,0.4004201680672269,364,728,119,0.0,0.0,0.0002325790010218043,0,0,0.0,119,0.0011918179989152122
407,prim,120,2857,0.400140056022409,119,0,0,0.0,0.0,0.0,2857,263,0.0003066809513256885,119,0.0007989129990164656
408,kruskal,120,2857,0.400140056022409,252,504,119,0.0,0.0,0.00023170699932961725,0,0,0.0,119,0.001161741998657817
409,prim,120,3530,0.4943977591036415,119,0,0,0.0,0.0,0.0,3530,239,0.00038619100814685225,119,0.0009800679981708527
410,kruskal,120,3530,0.4943977591036415,236,472,119,0.0,0.0,0.0002879919993574731,0,0,0.0,119,0.0014025060008862056
411,prim,120,3535,0.4950980392156863,119,0,0,0.0,0.0,0.0,3535,354,0.0003922039868484717,119,0.001037171998177655
412,kruskal,120,3535,0.4950980392156863,357,714,119,0.0,0.0,0.00029957200240460224,0,0,0.0,119,0.0014684180023323279
413,prim,120,4306,0.6030812324929972,119,0,0,0.0,0.0,0.0,4306,236,0.0004757760434586089,119,0.0013096049988234881
414,kruskal,120,4306,0.6030812324929972,216,432,119,0.0,0.0,0.0003647230005299207,0,0,0.0,119,0.0017299000028287992
415,prim,120,4275,0.5987394957983193,119,0,0,0.0,0.0,0.0,4275,264,0.0004687180189648643,119,0.0012675770012720022
416,kruskal,120,4275,0.5987394957983193,265,530,119,0.0,0.0,0.0003573889989638701,0,0,0.0,119,0.0017311519986833446
417,prim,120,5030,0.7044817927170869,119,0,0,0.0,0.0,0.0,5030,264,0.0005459048770717345,119,0.0013145840021024924
418,kruskal,120,5030,0.7044817927170869,266,532,119,0.0,0.0,0.0004214270011289045,0,0,0.0,119,0.002037125999777345
419,prim,120,4989,0.6987394957983193,119,0,0,0.0,0.0,0.0,4989,347,0.000556067065190291,119,0.0013714489978156053
420,kruskal,120,4989,0.6987394957983193,334,668,119,0.0,0.0,0.0004131220011913683,0,0,0.0,119,0.00207654900077614
421,prim,120,5718,0.8008403361344538,119,0,0,0.0,0.0,0.0,5718,295,0.0006245361619221512,119,0.0015980670032149646
422,kruskal,120,5718,0.8008403361344538,313,626,119,0.0,0.0,0.00047434400039492175,0,0,0.0,119,0.002333121999981813
423,prim,120,5699,0.7981792717086835,119,0,0,0.0,0.0,0.0,5699,277,0.0006288919066719245,119,0.0014794580019952264
424,kruskal,120,5699,0.7981792717086835,242,484,119,0.0,0.0,0.0004706069994426798,0,0,0.0,119,0.002291836000949843
425,prim,120,6418,0.8988795518207283,119,0,0,0.0,0.0,0.0,6418,281,0.000702782956068404,119,0.0018968269978358876
426,kruskal,120,6418,0.8988795518207283,310,620,119,0.0,0.0,0.0005398149987740908,0,0,0.0,119,0.0029895430016040336
427,prim,120,6461,0.9049019607843137,119,0,0,0.0,0.0,0.0,6461,215,0.0007220010156743228,119,0.001707838997390354
428,kruskal,120,6461,0.9049019607843137,242,484,119,0.0,0.0,0.0005387540004448965,0,0,0.0,119,0.0029061290006211493
429,prim,120,7140,1.0,119,0,0,0.0,0.0,0.0,7140,261,0.00078710087473155,119,0.0018439100022078492
430,kruskal,120,7140,1.0,265,530,119,0.0,0.0,0.0005985740026517306,0,0,0.0,119,0.0029296829998202156
431,prim,120,7140,1.0,119,0,0,0.0,0.0,0.0,7140,267,0.0007987471508386079,119,0.002177484999265289
432,kruskal,120,7140,1.0,273,546,119,0.0,0.0,0.0005970610000076704,0,0,0.0,119,0.0030126160017971415
433,prim,130,129,0.015384615384615385,129,0,0,0.0,0.0,0.0,129,129,9.88500687526539e-06,129,6.71540001349058e-05
434,kruskal,130,129,0.015384615384615385,129,258,129,0.0,0.0,4.377998266136274e-06,0,0,0.0,129,0.00010446199667057954
435,prim,130,129,0.015384615384615385,129,0,0,0.0,0.0,0.0,129,129,9.929986845236272e-06,129,6.571099947905168e-05
436,kruskal,130,129,0.015384615384615385,129,258,129,0.0,0.0,4.158002411713824e-06,0,0,0.0,129,0.00010286999895470217
437,prim,130,2525,0.3011329755515802,129,0,0,0.0,0.0,0.0,2525,270,0.0002875699683499988,129,0.0007806989997334313
438,kruskal,130,2525,0.3011329755515802,268,536,129,0.0,0.0,0.00021546800053329207,0,0,0.0,129,0.0010772569985419977
439,prim,130,2461,0.29350029815146095,129,0,0,0.0,0.0,0.0,2461,348,0.00026799089391715825,129,0.0007326909981202334
440,kruskal,130,2461,0.29350029815146095,337,674,129,0.0,0.0,0.00020024900004500523,0,0,0.0,129,0.0010101230000145733
441,prim,130,3383,0.40345855694692906,129,0,0,0.0,0.0,0.0,3383,415,0.000367615903087426,129,0.0010334559992770664
442,kruskal,130,3383,0.40345855694692906,418,836,129,0.0,0.0,0.0002757379988906905,0,0,0.0,129,0.001384873001370579
443,prim,130,3395,0.4048896839594514,129,0,0,0.0,0.0,0.0,3395,336,0.0003727270304807462,129,0.0010103730019181967
444,kruskal,130,3395,0.4048896839594514,327,654,129,0.0,0.0,0.00028426499920897186,0,0,0.0,129,0.0013530050018744078
445,prim,130,4262,0.5082886106141921,129,0,0,0.0,0.0,0.0,4262,488,0.00046881016533006914,129,0.001235979001648957
446,kruskal,130,4262,0.5082886106141921,474,948,129,0.0,0.0,0.000354954998329049,0,0,0.0,129,0.0017145220008387696
447,prim,130,4190,0.49970184853905786,129,0,0,0.0,0.0,0.0,4190,315,0.000456945039331913,129,0.0011404530014260672
448,kruskal,130,4190,0.49970184853905786,314,628,129,0.0,0.0,0.0003511579998303205,0,0,0.0,129,0.0016494310002599377
449,prim,130,5116,0.6101371496720334,129,0,0,0.0,0.0,0.0,5116,325,0.0005612479144474491,129,0.0014560449999407865
450,kruskal,130,5116,0.6101371496720334,308,616,129,0.0,0.0,0.00043170600110897794,0,0,0.0,129,0.002082809998682933
451,prim,130,5071,0.6047704233750746,129,0,0,0.0,0.0,0.0,5071,285,0.0005831948765262496,129,0.0015137320006033406
452,kruskal,130,5071,0.6047704233750746,288,576,129,0.0,0.0,0.0004333690012572333,0,0,0.0,129,0.002155364996724529
453,prim,130,5834,0.6957662492546214,129,0,0,0.0,0.0,0.0,5834,265,0.0006429370732803363,129,0.0015984679994289763
454,kruskal,130,5834,0.6957662492546214,265,530,129,0.0,0.0,0.00048419300219393335,0,0,0.0,129,0.0022836210009700153
455,prim,130,5963,0.7111508646392367,129,0,0,0.0,0.0,0.0,5963,260,0.0006658319980488159,129,0.0017304709981544875
456,kruskal,130,5963,0.7111508646392367,292,584,129,0.0,0.0,0.0005053120003140066,0,0,0.0,129,0.002577073002612451
457,prim,130,6681,0.7967799642218247,129,0,0,0.0,0.0,0.0,6681,527,0.0007847809356462676,129,0.0024624199977552053
458,kruskal,130,6681,0.7967799642218247,522,1044,129,0.0,0.0,0.0005741089989896864,0,0,0.0,129,0.0037553049987764098
459,prim,130,6741,0.8039355992844365,129,0,0,0.0,0.0,0.0,6741,345,0.0007931530672067311,129,0.002156897000531899
460,kruskal,130,6741,0.8039355992844365,344,688,129,0.0,0.0,0.0005826939996040892,0,0,0.0,129,0.0032209190030698664
461,prim,130,7555,0.9010137149672034,129,0,0,0.0,0.0,0.0,7555,314,0.0009076340684259776,129,0.0025029450007423293
462,kruskal,130,7555,0.9010137149672034,302,604,129,0.0,0.0,0.0006519720009237062,0,0,0.0,129,0.0036373069997353014
463,prim,130,7540,0.8992248062015504,129,0,0,0.0,0.0,0.0,7540,461,0.0008501459087710828,129,0.0022361529991030693
464,kruskal,130,7540,0.8992248062015504,470,940,129,0.0,0.0,0.0006309540003712755,0,0,0.0,129,0.0032425000026705675
465,prim,130,8385,1.0,129,0,0,0.0,0.0,0.0,8385,288,0.000937856144446414,129,0.0023734060014248826
466,kruskal,130,8385,1.0,295,590,129,0.0,0.0,0.0007397240005957428,0,0,0.0,129,0.0036902540014125407
467,prim,130,8385,1.0,129,0,0,0.0,0.0,0.0,8385,354,0.0009384381046402268,129,0.0025237539994122926
468,kruskal,130,8385,1.0,340,680,129,0.0,0.0,0.0007252769974002149,0,0,0.0,129,0.00365466899893363
469,prim,140,139,0.014285714285714285,139,0,0,0.0,0.0,0.0,139,139,1.0914012818830088e-05,139,7.298499986063689e-05
470,kruskal,140,139,0.014285714285714285,139,278,139,0.0,0.0,4.697998519986868e-06,0,0,0.0,139,0.00011966099918936379
471,prim,140,139,0.014285714285714285,139,0,0,0.0,0.0,0.0,139,139,1.0470008419360965e-05,139,7.124100011424161e-05
472,kruskal,140,139,0.014285714285714285,139,278,139,0.0,0.0,4.748999344883487e-06,0,0,0.0,139,0.00011918000018340535
473,prim,140,2817,0.2895169578622816,139,0,0,0.0,0.0,0.0,2817,499,0.0003076577886531595,139,0.0009114300009969156
474,kruskal,140,2817,0.2895169578622816,495,990,139,0.0,0.0,0.00023059500017552637,0,0,0.0,139,0.0012158819990872871
475,prim,140,2893,0.297327852004111,139,0,0,0.0,0.0,0.0,2893,394,0.00032267399728880264,139,0.0008978860023489688
476,kruskal,140,2893,0.297327852004111,372,744,139,0.0,0.0,0.00024861899873940274,0,0,0.0,139,0.0013084330021229107
477,prim,140,3943,0.4052415210688592,139,0,0,0.0,0.0,0.0,3943,235,0.00045482396308216266,139,0.0011537380014488008
478,kruskal,140,3943,0.4052415210688592,237,474,139,0.0,0.0,0.0003283850019215606,0,0,0.0,139,0.0017439760013076011
479,prim,140,3926,0.40349434737923945,139,0,0,0.0,0.0,0.0,3926,467,0.000439463066868484,139,0.0012074270016455557
480,kruskal,140,3926,0.40349434737923945,470,940,139,0.0,0.0,0.000320862000080524,0,0,0.0,139,0.001698412001132965
481,prim,140,4925,0.5061664953751285,139,0,0,0.0,0.0,0.0,4925,411,0.0005466259972308762,139,0.0015432449981744867
482,kruskal,140,4925,0.5061664953751285,407,814,139,0.0,0.0,0.0004052969998156186,0,0,0.0,139,0.00196574499932467
483,prim,140,4890,0.5025693730729702,139,0,0,0.0,0.0,0.0,4890,447,0.0005357319896575063,139,0.0014448639994952828
484,kruskal,140,4890,0.5025693730729702,452,904,139,0.0,0.0,0.00041571599649614654,0,0,0.0,139,0.0020421660010470077
485,prim,140,5782,0.5942446043165468,139,0,0,0.0,0.0,0.0,5782,414,0.0006594369770027697,139,0.002099780998833012
486,kruskal,140,5782,0.5942446043165468,424,848,139,0.0,0.0,0.0004926279980281834,0,0,0.0,139,0.0026111449988093227
487,prim,140,5880,0.60431654676259,139,0,0,0.0,0.0,0.0,5880,402,0.0006464010584750213,139,0.0016524069978913758
488,kruskal,140,5880,0.60431654676259,411,822,139,0.0,0.0,0.0004939600003126543,0,0,0.0,139,0.0024548170003981795
489,prim,140,6763,0.6950668036998973,139,0,0,0.0,0.0,0.0,6763,453,0.0007662189382244833,139,0.0023133249997044913
490,kruskal,140,6763,0.6950668036998973,447,894,139,0.0,0.0,0.0005812720009998884,0,0,0.0,139,0.0030791070021223277
491,prim,140,6847,0.7036998972250771,139,0,0,0.0,0.0,0.0,6847,331,0.0007690190395805985,139,0.001988546002394287
492,kruskal,140,6847,0.7036998972250771,313,626,139,0.0,0.0,0.0005992949991195928,0,0,0.0,139,0.003593426001316402
493,prim,140,7787,0.8003083247687565,139,0,0,0.0,0.0,0.0,7787,347,0.0008862408758432139,139,0.002381711998168612
494,kruskal,140,7787,0.8003083247687565,347,694,139,0.0,0.0,0.0006666289991699159,0,0,0.0,139,0.003570242999558104
495,prim,140,7801,0.8017471736896198,139,0,0,0.0,0.0,0.0,7801,453,0.0009462349771638401,139,0.0029070000018691644
496,kruskal,140,7801,0.8017471736896198,454,908,139,0.0,0.0,0.0006831600003351923,0,0,0.0,139,0.004137629999604542
497,prim,140,8796,0.9040082219938335,139,0,0,0.0,0.0,0.0,8796,486,0.0009969031852961052,139,0.00246215999868582
498,kruskal,140,8796,0.9040082219938335,493,986,139,0.0,0.0,0.0007471979988622479,0,0,0.0,139,0.003948831999878166
499,prim,140,8745,0.8987667009249743,139,0,0,0.0,0.0,0.0,8745,412,0.0010082729459099937,139,0.0029957240003568586
500,kruskal,140,8745,0.8987667009249743,386,772,139,0.0,0.0,0.0007640590010851156,0,0,0.0,139,0.00532780499997898
501,prim,140,9730,1.0,139,0,0,0.0,0.0,0.0,9730,546,0.001167422829894349,139,0.003021702003024984
502,kruskal,140,9730,1.0,539,1078,139,0.0,0.0,0.0008661270003358368,0,0,0.0,139,0.005332772998372093
503,prim,140,9730,1.0,139,0,0,0.0,0.0,0.0,9730,310,0.0011500776636239607,139,0.003169814997818321
504,kruskal,140,9730,1.0,296,592,139,0.0,0.0,0.0008428040018770844,0,0,0.0,139,0.004684938998252619
505,prim,150,149,0.013333333333333334,149,0,0,0.0,0.0,0.0,149,149,1.1546009773155674e-05,149,7.611999899381772e-05
506,kruskal,150,149,0.013333333333333334,149,298,149,0.0,0.0,6.662001396762207e-06,0,0,0.0,149,0.00012310699821682647
507,prim,150,149,0.013333333333333334,149,0,0,0.0,0.0,0.0,149,149,1.1100961273768917e-05,149,7.392599945887923e-05
508,kruskal,150,149,0.013333333333333334,149,298,149,0.0,0.0,4.477999027585611e-06,0,0,0.0,149,0.00013148200014256872
509,prim,150,3279,0.2934228187919463,149,0,0,0.0,0.0,0.0,3279,469,0.0003524179664964322,149,0.0009678349997557234
510,kruskal,150,3279,0.2934228187919463,466,932,149,0.0,0.0,0.00028243099950486794,0,0,0.0,149,0.0013659190008183941
511,prim,150,3358,0.3004921700223714,149,0,0,0.0,0.0,0.0,3358,370,0.00037357191831688397,149,0.0009496409984421916
512,kruskal,150,3358,0.3004921700223714,365,730,149,0.0,0.0,0.0002823510003509,0,0,0.0,149,0.0013507109979400411
513,prim,150,4370,0.39105145413870246,149,0,0,0.0,0.0,0.0,4370,403,0.0004873661237070337,149,0.0012253300010343082
514,kruskal,150,4370,0.39105145413870246,403,806,149,0.0,0.0,0.0003679690016724635,0,0,0.0,149,0.0017639720026636496
515,prim,150,4578,0.4096644295302013,149,0,0,0.0,0.0,0.0,4578,425,0.0005019479067414068,149,0.0013018209974688943
516,kruskal,150,4578,0.4096644295302013,405,810,149,0.0,0.0,0.0003863019992422778,0,0,0.0,149,0.001993997000681702
517,prim,150,5540,0.49574944071588367,149,0,0,0.0,0.0,0.0,5540,558,0.0006298090302152559,149,0.0016871519983396865
518,kruskal,150,5540,0.49574944071588367,558,1116,149,0.0,0.0,0.0004570929995679762,0,0,0.0,149,0.002275085000292165
519,prim,150,5565,0.49798657718120803,149,0,0,0.0,0.0,0.0,5565,331,0.0006238689165911637,149,0.0015615090014762245
520,kruskal,150,5565,0.49798657718120803,335,670,149,0.0,0.0,0.00046281299728434533,0,0,0.0,149,0.0024672500003362074
521,prim,150,6698,0.5993736017897092,149,0,0,0.0,0.0,0.0,6698,541,0.000752793097490212,149,0.0022259550023591146
522,kruskal,150,6698,0.5993736017897092,592,1184,149,0.0,0.0,0.0005676170003425796,0,0,0.0,149,0.002970768000523094
523,prim,150,6681,0.5978523489932885,149,0,0,0.0,0.0,0.0,6681,403,0.0007558973229606636,149,0.0019282860012026504
524,kruskal,150,6681,0.5978523489932885,445,890,149,0.0,0.0,0.0005588399981206749,0,0,0.0,149,0.0028311509995546658
525,prim,150,7825,0.7002237136465325,149,0,0,0.0,0.0,0.0,7825,298,0.0008977639408840332,149,0.0027890929995919578
526,kruskal,150,7825,0.7002237136465325,335,670,149,0.0,0.0,0.0006897720013512298,0,0,0.0,149,0.004198011003609281
527,prim,150,7902,0.7071140939597316,149,0,0,0.0,0.0,0.0,7902,376,0.0009240150611731224,149,0.002446450998832006
528,kruskal,150,7902,0.7071140939597316,372,744,149,0.0,0.0,0.0006659780010522809,0,0,0.0,149,0.004071056999237044
529,prim,150,8915,0.7977628635346756,149,0,0,0.0,0.0,0.0,8915,406,0.0009788480419956613,149,0.0025621849999879487
530,kruskal,150,8915,0.7977628635346756,469,938,149,0.0,0.0,0.0008043329980864655,0,0,0.0,149,0.004695046998676844
531,prim,150,8957,0.8015212527964206,149,0,0,0.0,0.0,0.0,8957,400,0.0010380778185208328,149,0.0030457259999820963
532,kruskal,150,8957,0.8015212527964206,357,714,149,0.0,0.0,0.0007824630010873079,0,0,0.0,149,0.004521797996858368
533,prim,150,10044,0.8987919463087248,149,0,0,0.0,0.0,0.0,10044,481,0.0014597369881812483,149,0.0041191460004483815
534,kruskal,150,10044,0.8987919463087248,480,960,149,0.0,0.0,0.0009308570006396621,0,0,0.0,149,0.006673786003375426
535,prim,150,10098,0.9036241610738255,149,0,0,0.0,0.0,0.0,10098,436,0.0012855490203946829,149,0.004140674998780014
536,kruskal,150,10098,0.9036241610738255,407,814,149,0.0,0.0,0.0009556020013405941,0,0,0.0,149,0.006618534000153886
537,prim,150,11175,1.0,149,0,0,0.0,0.0,0.0,11175,419,0.001511985101387836,149,0.004624627999874065
538,kruskal,150,11175,1.0,345,690,149,0.0,0.0,0.0010503369994694367,0,0,0.0,149,0.0067926249976153485
539,prim,150,11175,1.0,149,0,0,0.0,0.0,0.0,11175,361,0.0016119037754833698,149,0.0047147740006039385
540,kruskal,150,11175,1.0,330,660,149,0.0,0.0,0.000983333000476705,0,0,0.0,149,0.006352502998197451
541,prim,160,159,0.0125,159,0,0,0.0,0.0,0.0,159,159,1.298200004384853e-05,159,8.000799789442681e-05
542,kruskal,160,159,0.0125,159,318,159,0.0,0.0,5.059002432972193e-06,0,0,0.0,159,0.00013357699936022982
543,prim,160,159,0.0125,159,0,0,0.0,0.0,0.0,159,159,1.1562999134184793e-05,159,7.72319981479086e-05
544,kruskal,160,159,0.0125,159,318,159,0.0,0.0,4.698998964158818e-06,0,0,0.0,159,0.00012438900012057275
545,prim,160,3822,0.30047169811320756,159,0,0,0.0,0.0,0.0,3822,416,0.0004250339770806022,159,0.0013433770000119694
546,kruskal,160,3822,0.30047169811320756,439,878,159,0.0,0.0,0.0003241679987695534,0,0,0.0,159,0.0018362660011916887
547,prim,160,3759,0.2955188679245283,159,0,0,0.0,0.0,0.0,3759,301,0.0004162410186836496,159,0.0010494650014152285
548,kruskal,160,3759,0.2955188679245283,285,570,159,0.0,0.0,0.00031120399944484234,0,0,0.0,159,0.0018172509990108665
549,prim,160,5119,0.402437106918239,159,0,0,0.0,0.0,0.0,5119,535,0.0005779301100119483,159,0.001473256001190748
550,kruskal,160,5119,0.402437106918239,542,1084,159,0.0,0.0,0.0004275389983376954,0,0,0.0,159,0.0020459820007090457
551,prim,160,5139,0.40400943396226413,159,0,0,0.0,0.0,0.0,5139,505,0.000577551076275995,159,0.0014482699989457615
552,kruskal,160,5139,0.40400943396226413,499,998,159,0.0,0.0,0.0004291709992685355,0,0,0.0,159,0.0020233710019965656
553,prim,160,6330,0.49764150943396224,159,0,0,0.0,0.0,0.0,6330,391,0.0006597979663638398,159,0.0015868959999352228
554,kruskal,160,6330,0.49764150943396224,381,762,159,0.0,0.0,0.0005058219976490363,0,0,0.0,159,0.0023840559988457244
555,prim,160,6405,0.5035377358490566,159,0,0,0.0,0.0,0.0,6405,363,0.0006773260320187546,159,0.0016076239990070462
556,kruskal,160,6405,0.5035377358490566,367,734,159,0.0,0.0,0.0005171730008441955,0,0,0.0,159,0.002373195999098243
557,prim,160,7720,0.6069182389937107,159,0,0,0.0,0.0,0.0,7720,409,0.0008197960050893016,159,0.0020053879998158664
558,kruskal,160,7720,0.6069182389937107,356,712,159,0.0,0.0,0.0006205540012160782,0,0,0.0,159,0.002837773001374444
559,prim,160,7649,0.6013364779874214,159,0,0,0.0,0.0,0.0,7649,307,0.0008035340906644706,159,0.0018735749981715344
560,kruskal,160,7649,0.6013364779874214,307,614,159,0.0,0.0,0.0006083320004108828,0,0,0.0,159,0.002784544001769973
561,prim,160,8823,0.6936320754716981,159,0,0,0.0,0.0,0.0,8823,395,0.00093086905326345,159,0.0022608590006711893
562,kruskal,160,8823,0.6936320754716981,348,696,159,0.0,0.0,0.0007124540024960879,0,0,0.0,159,0.003275349998148158
563,prim,160,8936,0.7025157232704402,159,0,0,0.0,0.0,0.0,8936,507,0.0009357509079563897,159,0.0022308939987851772
564,kruskal,160,8936,0.7025157232704402,494,988,159,0.0,0.0,0.0007125640004232991,0,0,0.0,159,0.003269789001933532
565,prim,160,10156,0.7984276729559748,159,0,0,0.0,0.0,0.0,10156,624,0.0010646720111253671,159,0.002696932999242563
566,kruskal,160,10156,0.7984276729559748,631,1262,159,0.0,0.0,0.0008209640000131913,0,0,0.0,159,0.003848145999654662
567,prim,160,10134,0.7966981132075471,159,0,0,0.0,0.0,0.0,10134,398,0.0010547871825110633,159,0.002490983999450691
568,kruskal,160,10134,0.7966981132075471,384,768,159,0.0,0.0,0.0008142010010487866,0,0,0.0,159,0.003764943001442589
569,prim,160,11439,0.8992924528301887,159,0,0,0.0,0.0,0.0,11439,420,0.001210457139677601,159,0.0029617519976454787
570,kruskal,160,11439,0.8992924528301887,403,806,159,0.0,0.0,0.0009219900020980276,0,0,0.0,159,0.004483968998101773
571,prim,160,11474,0.9020440251572327,159,0,0,0.0,0.0,0.0,11474,431,0.0012096819991711527,159,0.002800443999149138
572,kruskal,160,11474,0.9020440251572327,403,806,159,0.0,0.0,0.0009246250010619406,0,0,0.0,159,0.004403129001730122
573,prim,160,12720,1.0,159,0,0,0.0,0.0,0.0,12720,468,0.001324155746260658,159,0.003227612000046065
574,kruskal,160,12720,1.0,425,850,159,0.0,0.0,0.0010313620005035773,0,0,0.0,159,0.004971007001586258
575,prim,160,12720,1.0,159,0,0,0.0,0.0,0.0,12720,367,0.0013403651428234298,159,0.0031245319987647235
576,kruskal,160,12720,1.0,358,716,159,0.0,0.0,0.0010416810000606347,0,0,0.0,159,0.00501992699719267
577,prim,170,169,0.011764705882352941,169,0,0,0.0,0.0,0.0,169,169,1.1889951565535739e-05,169,8.126900138449855e-05
578,kruskal,170,169,0.011764705882352941,169,338,169,0.0,0.0,4.90899765281938e-06,0,0,0.0,169,0.0001267929983441718
579,prim,170,169,0.011764705882352941,169,0,0,0.0,0.0,0.0,169,169,1.1711967090377584e-05,169,7.956700210343115e-05
580,kruskal,170,169,0.011764705882352941,169,338,169,0.0,0.0,4.8389993025921285e-06,0,0,0.0,169,0.00014083899804973044
581,prim,170,4351,0.30288896623738254,169,0,0,0.0,0.0,0.0,4351,448,0.0004535628468147479,169,0.0011802360022556968
582,kruskal,170,4351,0.30288896623738254,429,858,169,0.0,0.0,0.00035024600219912827,0,0,0.0,169,0.0016961069995886646
583,prim,170,4361,0.3035851026801253,169,0,0,0.0,0.0,0.0,4361,605,0.00044592505946638994,169,0.0012223740013723727
584,kruskal,170,4361,0.3035851026801253,595,1190,169,0.0,0.0,0.000346147997333901,0,0,0.0,169,0.0016835640017234255
585,prim,170,5760,0.4009745910198399,169,0,0,0.0,0.0,0.0,5760,461,0.0006046101225365419,169,0.0015229189993988257
586,kruskal,170,5760,0.4009745910198399,480,960,169,0.0,0.0,0.0004496889996516984,0,0,0.0,169,0.0021661339997081086
587,prim,170,5697,0.3965889314305604,169,0,0,0.0,0.0,0.0,5697,408,0.0006032080746081192,169,0.0014704719978908543
588,kruskal,170,5697,0.3965889314305604,432,864,169,0.0,0.0,0.0004460320014914032,0,0,0.0,169,0.0021206199999141973
589,prim,170,7133,0.49655412460842324,169,0,0,0.0,0.0,0.0,7133,378,0.0007520528924942482,169,0.0018279210016771685
590,kruskal,170,7133,0.49655412460842324,375,750,169,0.0,0.0,0.0005731870005547535,0,0,0.0,169,0.0027086649970442522
591,prim,170,7195,0.5008701705534284,169,0,0,0.0,0.0,0.0,7195,411,0.000745178997021867,169,0.0017931260008481331
592,kruskal,170,7195,0.5008701705534284,428,856,169,0.0,0.0,0.0005799290011054836,0,0,0.0,169,0.002701801997318398
593,prim,170,8583,0.597493908806126,169,0,0,0.0,0.0,0.0,8583,401,0.0009002880287880544,169,0.0021777649999421556
594,kruskal,170,8583,0.597493908806126,386,772,169,0.0,0.0,0.0006911640011821873,0,0,0.0,169,0.0031343400005425792
595,prim,170,8628,0.6006265227984685,169,0,0,0.0,0.0,0.0,8628,438,0.0009175301129289437,169,0.002145755999663379
596,kruskal,170,8628,0.6006265227984685,426,852,169,0.0,0.0,0.0007061819997034036,0,0,0.0,169,0.003190283001458738
597,prim,170,10084,0.7019839888618169,169,0,0,0.0,0.0,0.0,10084,395,0.0010536971094552428,169,0.00267329000052996
598,kruskal,170,10084,0.7019839888618169,394,788,169,0.0,0.0,0.0008185189981304575,0,0,0.0,169,0.003948842000681907
599,prim,170,10041,0.698990602158023,169,0,0,0.0,0.0,0.0,10041,380,0.0010443092905916274,169,0.002517442000680603
600,kruskal,170,10041,0.698990602158023,333,666,169,0.0,0.0,0.0008002549984666985,0,0,0.0,169,0.0037124560003576335
601,prim,170,11484,0.7994430908458058,169,0,0,0.0,0.0,0.0,11484,772,0.0012055677325406577,169,0.0031039440000313334
602,kruskal,170,11484,0.7994430908458058,842,1684,169,0.0,0.0,0.0009223799970641267,0,0,0.0,169,0.00452503399719717
603,prim,170,11515,0.8016011138183083,169,0,0,0.0,0.0,0.0,11515,644,0.001219935900735436,169,0.0029726510001637507
604,kruskal,170,11515,0.8016011138183083,575,1150,169,0.0,0.0,0.0009265180015063379,0,0,0.0,169,0.004502572999626864
605,prim,170,12990,0.9042812391228681,169,0,0,0.0,0.0,0.0,12990,454,0.001367102795484243,169,0.0033725490029610228
606,kruskal,170,12990,0.9042812391228681,417,834,169,0.0,0.0,0.001070604001142783,0,0,0.0,169,0.005082531999505591
607,prim,170,12949,0.9014270797076227,169,0,0,0.0,0.0,0.0,12949,710,0.0013798201325698756,169,0.0033518210002512205
608,kruskal,170,12949,0.9014270797076227,687,1374,169,0.0,0.0,0.0010596040010568686,0,0,0.0,169,0.0052465740009211
609,prim,170,14365,1.0,169,0,0,0.0,0.0,0.0,14365,470,0.0015334321724367328,169,0.0037832960006198846
610,kruskal,170,14365,1.0,567,1134,169,0.0,0.0,0.0011612710004555993,0,0,0.0,169,0.005913343997235643
611,prim,170,14365,1.0,169,0,0,0.0,0.0,0.0,14365,360,0.001503379888163181,169,0.0035230659996159375
612,kruskal,170,14365,1.0,409,818,169,0.0,0.0,0.0011673730004986282,0,0,0.0,169,0.005698438002582407
613,prim,180,179,0.011111111111111112,179,0,0,0.0,0.0,0.0,179,179,1.2912998499814421e-05,179,8.570800127927214e-05
614,kruskal,180,179,0.011111111111111112,179,358,179,0.0,0.0,1.168100061477162e-05,0,0,0.0,179,0.0001409600008628331
615,prim,180,179,0.011111111111111112,179,0,0,0.0,0.0,0.0,179,179,1.2573975254781544e-05,179,8.421499660471454e-05
616,kruskal,180,179,0.011111111111111112,179,358,179,0.0,0.0,5.090001650387421e-06,0,0,0.0,179,0.00013187300282879733
617,prim,180,4884,0.3031657355679702,179,0,0,0.0,0.0,0.0,4884,544,0.0005117831569805276,179,0.0013609190027636942
618,kruskal,180,4884,0.3031657355679702,559,1118,179,0.0,0.0,0.0003840179997496307,0,0,0.0,179,0.0018691670011321548
619,prim,180,4795,0.29764121663563003,179,0,0,0.0,0.0,0.0,4795,339,0.0004960610640409868,179,0.0012261910014785826
620,kruskal,180,4795,0.29764121663563003,353,706,179,0.0,0.0,0.00037968100150465034,0,0,0.0,179,0.0017705450009088963
621,prim,180,6432,0.39925512104283056,179,0,0,0.0,0.0,0.0,6432,436,0.000673535032547079,179,0.001652888000535313
622,kruskal,180,6432,0.39925512104283056,467,934,179,0.0,0.0,0.0005097899993415922,0,0,0.0,179,0.002391930000158027
623,prim,180,6426,0.39888268156424583,179,0,0,0.0,0.0,0.0,6426,501,0.0006987690758251119,179,0.0017321939994872082
624,kruskal,180,6426,0.39888268156424583,483,966,179,0.0,0.0,0.0005235060016275384,0,0,0.0,179,0.0027087550006399397
625,prim,180,7952,0.4936064556176288,179,0,0,0.0,0.0,0.0,7952,366,0.0008590863508288749,179,0.002100122997944709
626,kruskal,180,7952,0.4936064556176288,374,748,179,0.0,0.0,0.0006350010007736273,0,0,0.0,179,0.002991435998410452
627,prim,180,8121,0.5040968342644321,179,0,0,0.0,0.0,0.0,8121,675,0.0008626019553048536,179,0.0021515369990083855
628,kruskal,180,8121,0.5040968342644321,737,1474,179,0.0,0.0,0.0006424849998438731,0,0,0.0,179,0.0031064579998201225
629,prim,180,9637,0.5981998758535071,179,0,0,0.0,0.0,0.0,9637,472,0.0010118241334566846,179,0.002372824998019496
630,kruskal,180,9637,0.5981998758535071,460,920,179,0.0,0.0,0.0007807299989508465,0,0,0.0,179,0.003536691001500003
631,prim,180,9544,0.5924270639354439,179,0,0,0.0,0.0,0.0,9544,571,0.000999915981083177,179,0.0024020900018513203
632,kruskal,180,9544,0.5924270639354439,616,1232,179,0.0,0.0,0.0007822619991202373,0,0,0.0,179,0.003573148998839315
633,prim,180,11311,0.7021104903786468,179,0,0,0.0,0.0,0.0,11311,546,0.001187537232908653,179,0.002865464000933571
634,kruskal,180,11311,0.7021104903786468,528,1056,179,0.0,0.0,0.0008995790012704674,0,0,0.0,179,0.004371319999336265
635,prim,180,11380,0.7063935443823712,179,0,0,0.0,0.0,0.0,11380,498,0.0013360258853936102,179,0.0031662780020269565
636,kruskal,180,11380,0.7063935443823712,525,1050,179,0.0,0.0,0.0009149170000455342,0,0,0.0,179,0.004637000998627627
637,prim,180,12947,0.8036623215394165,179,0,0,0.0,0.0,0.0,12947,401,0.0013608571971417405,179,0.003196645000571152
638,kruskal,180,12947,0.8036623215394165,462,924,179,0.0,0.0,0.0010429739995743148,0,0,0.0,179,0.00496820199987269
639,prim,180,12979,0.8056486654252017,179,0,0,0.0,0.0,0.0,12979,425,0.0013581348903244361,179,0.0032168020006793085
640,kruskal,180,12979,0.8056486654252017,515,1030,179,0.0,0.0,0.0010499560012249276,0,0,0.0,179,0.005130039997311542
641,prim,180,14504,0.900310366232154,179,0,0,0.0,0.0,0.0,14504,573,0.0015353290255006868,179,0.003780340000957949
642,kruskal,180,14504,0.900310366232154,463,926,179,0.0,0.0,0.0011768600015784614,0,0,0.0,179,0.0057848569995258
643,prim,180,14540,0.9025450031036624,179,0,0,0.0,0.0,0.0,14540,502,0.0015176868000708055,179,0.0036636149998230394
644,kruskal,180,14540,0.9025450031036624,596,1192,179,0.0,0.0,0.0011729020006896462,0,0,0.0,179,0.0057891550022759475
645,prim,180,16110,1.0,179,0,0,0.0,0.0,0.0,16110,690,0.0016745388275012374,179,0.00405967600090662
646,kruskal,180,16110,1.0,655,1310,179,0.0,0.0,0.0012894280007458292,0,0,0.0,179,0.006547794000653084
647,prim,180,16110,1.0,179,0,0,0.0,0.0,0.0,16110,436,0.0016793760369182564,179,0.004032004999316996
648,kruskal,180,16110,1.0,418,836,179,0.0,0.0,0.0012962599976162892,0,0,0.0,179,0.006748453997715842
649,prim,190,189,0.010526315789473684,189,0,0,0.0,0.0,0.0,189,189,1.3489003322320059e-05,189,9.634800153435208e-05
650,kruskal,190,189,0.010526315789473684,189,378,189,0.0,0.0,5.570000212173909e-06,0,0,0.0,189,0.00014088999887462705
651,prim,190,189,0.010526315789473684,189,0,0,0.0,0.0,0.0,189,189,1.3257988030090928e-05,189,8.923499990487471e-05
652,kruskal,190,189,0.010526315789473684,189,378,189,0.0,0.0,5.289999535307288e-06,0,0,0.0,189,0.000140279000333976
653,prim,190,5323,0.296463380673907,189,0,0,0.0,0.0,0.0,5323,531,0.000571331172977807,189,0.0015146119985729456
654,kruskal,190,5323,0.296463380673907,518,1036,189,0.0,0.0,0.00043710599857149646,0,0,0.0,189,0.002320728999620769
655,prim,190,5326,0.2966304650515177,189,0,0,0.0,0.0,0.0,5326,493,0.0005875678762095049,189,0.0016923410003073514
656,kruskal,190,5326,0.2966304650515177,511,1022,189,0.0,0.0,0.0004319360014051199,0,0,0.0,189,0.002705078000872163
657,prim,190,7183,0.4000556947925369,189,0,0,0.0,0.0,0.0,7183,504,0.0008406010456383228,189,0.00261522299842909
658,kruskal,190,7183,0.4000556947925369,439,878,189,0.0,0.0,0.0006071700008760672,0,0,0.0,189,0.0041552219990990125
659,prim,190,7205,0.4012809802283486,189,0,0,0.0,0.0,0.0,7205,722,0.0007649170547665562,189,0.001998835003178101
660,kruskal,190,7205,0.4012809802283486,700,1400,189,0.0,0.0,0.0005917210000916384,0,0,0.0,189,0.0028258509992156178
661,prim,190,8958,0.4989139515455305,189,0,0,0.0,0.0,0.0,8958,692,0.000969834149145754,189,0.0025325300011900254
662,kruskal,190,8958,0.4989139515455305,655,1310,189,0.0,0.0,0.0007287739972525742,0,0,0.0,189,0.0036393310001585633
663,prim,190,8916,0.4965747702589808,189,0,0,0.0,0.0,0.0,8916,601,0.0015433441403729375,189,0.00351434999902267
664,kruskal,190,8916,0.4965747702589808,613,1226,189,0.0,0.0,0.0007260589991346933,0,0,0.0,189,0.0038946819986449555
665,prim,190,10678,0.5947089947089947,189,0,0,0.0,0.0,0.0,10678,505,0.001148306855611736,189,0.0029383080000116024
666,kruskal,190,10678,0.5947089947089947,443,886,189,0.0,0.0,0.0008701439983269665,0,0,0.0,189,0.004308874998969259
667,prim,190,10854,0.6045112781954888,189,0,0,0.0,0.0,0.0,10854,758,0.001161860789579805,189,0.002966611002193531
668,kruskal,190,10854,0.6045112781954888,669,1338,189,0.0,0.0,0.0008937479979067575,0,0,0.0,189,0.004424678998475429
669,prim,190,12585,0.7009189640768588,189,0,0,0.0,0.0,0.0,12585,456,0.0013734308922721539,189,0.003412321999348933
670,kruskal,190,12585,0.7009189640768588,466,932,189,0.0,0.0,0.0010329940014344174,0,0,0.0,189,0.005414614999608602
671,prim,190,12594,0.7014202172096909,189,0,0,0.0,0.0,0.0,12594,497,0.001547298965306254,189,0.004204152999591315
672,kruskal,190,12594,0.7014202172096909,502,1004,189,0.0,0.0,0.0010289769998053089,0,0,0.0,189,0.006226050998520805
673,prim,190,14442,0.804344193817878,189,0,0,0.0,0.0,0.0,14442,651,0.00155054779315833,189,0.0038943610015849117
674,kruskal,190,14442,0.804344193817878,640,1280,189,0.0,0.0,0.0011607209999056067,0,0,0.0,189,0.005940814997302368
675,prim,190,14374,0.800556947925369,189,0,0,0.0,0.0,0.0,14374,681,0.0015034561474749353,189,0.0037097009990247898
676,kruskal,190,14374,0.800556947925369,705,1410,189,0.0,0.0,0.0011690749997796956,0,0,0.0,189,0.005779236998932902
677,prim,190,16175,0.9008632692843219,189,0,0,0.0,0.0,0.0,16175,352,0.0017133270885096863,189,0.004139192998991348
678,kruskal,190,16175,0.9008632692843219,457,914,189,0.0,0.0,0.001298014001804404,0,0,0.0,189,0.00659215499763377
679,prim,190,16085,0.8958507379560011,189,0,0,0.0,0.0,0.0,16085,678,0.0016984862631943543,189,0.004144292001001304
680,kruskal,190,16085,0.8958507379560011,668,1336,189,0.0,0.0,0.0012962399996467866,0,0,0.0,189,0.006567159998667194
681,prim,190,17955,1.0,189,0,0,0.0,0.0,0.0,17955,609,0.0019057845893257763,189,0.0047314350013039075
682,kruskal,190,17955,1.0,656,1312,189,0.0,0.0,0.0014613540006394032,0,0,0.0,189,0.007772130997182103
683,prim,190,17955,1.0,189,0,0,0.0,0.0,0.0,17955,489,0.001922750765515957,189,0.004686080999817932
684,kruskal,190,17955,1.0,457,914,189,0.0,0.0,0.0014693099983560387,0,0,0.0,189,0.007848211000236915
685,prim,200,199,0.01,199,0,0,0.0,0.0,0.0,199,199,1.4455006748903543e-05,199,9.472400051890872e-05
686,kruskal,200,199,0.01,199,398,199,0.0,0.0,5.631001840811223e-06,0,0,0.0,199,0.00014543899669661187
687,prim,200,199,0.01,199,0,0,0.0,0.0,0.0,199,199,1.3692017091671005e-05,199,9.261100058211014e-05
688,kruskal,200,199,0.01,199,398,199,0.0,0.0,5.490001058205962e-06,0,0,0.0,199,0.00014279300012276508
689,prim,200,6062,0.30462311557788946,199,0,0,0.0,0.0,0.0,6062,497,0.0006330591131700203,199,0.0015832900025998242
690,kruskal,200,6062,0.30462311557788946,473,946,199,0.0,0.0,0.000475247001304524,0,0,0.0,199,0.002277458999742521
691,prim,200,5874,0.2951758793969849,199,0,0,0.0,0.0,0.0,5874,508,0.0006034710277162958,199,0.0015298010002879892
692,kruskal,200,5874,0.2951758793969849,522,1044,199,0.0,0.0,0.00046259299779194407,0,0,0.0,199,0.0022192819997144397
693,prim,200,7915,0.3977386934673367,199,0,0,0.0,0.0,0.0,7915,484,0.0008228231490647886,199,0.0019878660023096018
694,kruskal,200,7915,0.3977386934673367,491,982,199,0.0,0.0,0.0006278569999267347,0,0,0.0,199,0.002904466000472894
695,prim,200,7927,0.39834170854271356,199,0,0,0.0,0.0,0.0,7927,471,0.0008375411052838899,199,0.001991290999285411
696,kruskal,200,7927,0.39834170854271356,440,880,199,0.0,0.0,0.000621817001956515,0,0,0.0,199,0.0029069709999021143
697,prim,200,10019,0.503467336683417,199,0,0,0.0,0.0,0.0,10019,1084,0.0010471908572071698,199,0.0026727690019470174
698,kruskal,200,10019,0.503467336683417,1096,2192,199,0.0,0.0,0.0008066570007940754,0,0,0.0,199,0.0038621109997620806
699,prim,200,9888,0.4968844221105528,199,0,0,0.0,0.0,0.0,9888,632,0.0010382658874732442,199,0.002541166002629325
700,kruskal,200,9888,0.4968844221105528,654,1308,199,0.0,0.0,0.0007860090008762199,0,0,0.0,199,0.0037192479976511095
701,prim,200,11937,0.5998492462311558,199,0,0,0.0,0.0,0.0,11937,485,0.0013089488093100954,199,0.003135461000056239
702,kruskal,200,11937,0.5998492462311558,467,934,199,0.0,0.0,0.0009808789982344024,0,0,0.0,199,0.005420646000857232
703,prim,200,11959,0.6009547738693467,199,0,0,0.0,0.0,0.0,11959,633,0.0012508789259300102,199,0.0030211999983293936
704,kruskal,200,11959,0.6009547738693467,619,1238,199,0.0,0.0,0.0009558020028634928,0,0,0.0,199,0.004566499999782536
705,prim,200,13908,0.698894472361809,199,0,0,0.0,0.0,0.0,13908,486,0.001442363081878284,199,0.0034614930009411182
706,kruskal,200,13908,0.698894472361809,551,1102,199,0.0,0.0,0.0011282699997536838,0,0,0.0,199,0.005402612998295808
707,prim,200,14006,0.703819095477387,199,0,0,0.0,0.0,0.0,14006,673,0.0014778820659557823,199,0.003538644999935059
708,kruskal,200,14006,0.703819095477387,574,1148,199,0.0,0.0,0.0011267879999650177,0,0,0.0,199,0.005449578999105142
709,prim,200,15956,0.8018090452261306,199,0,0,0.0,0.0,0.0,15956,484,0.0016926691168919206,199,0.004121950998523971
710,kruskal,200,15956,0.8018090452261306,583,1166,199,0.0,0.0,0.001282956000068225,0,0,0.0,199,0.006557641998369945
711,prim,200,15968,0.8024120603015076,199,0,0,0.0,0.0,0.0,15968,493,0.0016885469121916685,199,0.004158378000283847
712,kruskal,200,15968,0.8024120603015076,476,952,199,0.0,0.0,0.0012788179992639925,0,0,0.0,199,0.0065283780022582505
713,prim,200,17945,0.9017587939698493,199,0,0,0.0,0.0,0.0,17945,368,0.001906781100842636,199,0.004668910001782933
714,kruskal,200,17945,0.9017587939698493,480,960,199,0.0,0.0,0.0014445239976339508,0,0,0.0,199,0.00751896499787108
715,prim,200,17907,0.8998492462311558,199,0,0,0.0,0.0,0.0,17907,699,0.0018818399585143197,199,0.004629625997040421
716,kruskal,200,17907,0.8998492462311558,624,1248,199,0.0,0.0,0.0014603430026909336,0,0,0.0,199,0.007575718998850789
717,prim,200,19900,1.0,199,0,0,0.0,0.0,0.0,19900,619,0.0021042461557954084,199,0.005172658002265962
718,kruskal,200,19900,1.0,663,1326,199,0.0,0.0,0.0016082450019894168,0,0,0.0,199,0.008771764998527942
719,prim,200,19900,1.0,199,0,0,0.0,0.0,0.0,19900,453,0.0020952081722498406,199,0.0051566590009315405
720,kruskal,200,19900,1.0,503,1006,199,0.0,0.0,0.0016064829978859052,0,0,0.0,199,0.008716241998627083
